,exchange,open,high,low,close,volume,trade_count,vwap,symbol
2021-01-12,FTXU,0.008014,0.008014,0.008014,0.008014,1,1,0.008014,DOGEUSD
2021-01-13,FTXU,0.008308,0.008623,0.008308,0.008493,6131,3,0.0083386573,DOGEUSD
2021-01-14,FTXU,0.0095045,0.0095045,0.0095045,0.0095045,377,1,0.0095045,DOGEUSD
2021-01-15,FTXU,0.0098025,0.0098025,0.0091905,0.0093285,9134,9,0.0096513407,DOGEUSD
2021-01-16,FTXU,0.009521,0.009521,0.009521,0.009521,3031,1,0.009521,DOGEUSD
2021-01-17,FTXU,0.0091775,0.0091775,0.0091675,0.0091675,3819,7,0.009172263,DOGEUSD
2021-01-18,FTXU,0.0091395,0.0091395,0.009126,0.009126,669,2,0.0091267668,DOGEUSD
2021-01-19,FTXU,0.008956,0.008956,0.008956,0.008956,172,1,0.008956,DOGEUSD
2021-01-20,FTXU,0.00873,0.008893,0.00873,0.008885,34516,3,0.0087306902,DOGEUSD
2021-01-21,FTXU,0.0087045,0.0087045,0.00765,0.00765,1200,3,0.0081703867,DOGEUSD
2021-01-22,FTXU,0.0083915,0.0086335,0.0083915,0.0086335,39903,4,0.0086329692,DOGEUSD
2021-01-23,FTXU,0.0084,0.0085805,0.0084,0.0085795,953,3,0.0085424402,DOGEUSD
2021-01-24,FTXU,0.0085915,0.008706,0.0085915,0.0086915,12787,3,0.008641458,DOGEUSD
2021-01-25,FTXU,0.0088035,0.0088035,0.008757,0.008757,2431,2,0.0088026201,DOGEUSD
2021-01-26,FTXU,0.0083415,0.0083415,0.008286,0.008286,400,2,0.008335395,DOGEUSD
2021-01-27,FTXU,0.0078,0.0139645,0.0073785,0.0120995,37125111,86,0.0107095787,DOGEUSD
2021-01-28,FTXU,0.0123575,0.0889785,0.0111145,0.07,63548178,1703,0.034126828,DOGEUSD
2021-01-29,FTXU,0.07,0.0746555,0.0290885,0.0324295,29060375,2174,0.0506390004,DOGEUSD
2021-01-30,FTXU,0.0324115,0.037855,0.0226,0.0284545,7688433,670,0.0292748796,DOGEUSD
2021-01-31,FTXU,0.0282255,0.049,0.027,0.0407405,10061743,1492,0.037926252,DOGEUSD
2021-02-01,FTXU,0.041111,0.043222,0.0284245,0.033604,14398775,777,0.0365719556,DOGEUSD
2021-02-02,FTXU,0.033738,0.035,0.029656,0.032523,6266823,386,0.0324884639,DOGEUSD
2021-02-03,FTXU,0.032109,0.0431995,0.031107,0.0398095,4874856,500,0.0376748374,DOGEUSD
2021-02-04,FTXU,0.0398755,0.0606375,0.039663,0.0464095,29829799,1804,0.0484082882,DOGEUSD
2021-02-05,FTXU,0.0461375,0.051198,0.0434755,0.0492975,3855118,469,0.0471506795,DOGEUSD
2021-02-06,FTXU,0.0486915,0.0658935,0.048005,0.056158,12310707,867,0.05603608,DOGEUSD
2021-02-07,FTXU,0.05716,0.0890325,0.0568755,0.07117,23502657,1567,0.0734200554,DOGEUSD
2021-02-08,FTXU,0.0712,0.086172,0.0679995,0.0813485,7046079,734,0.0789662988,DOGEUSD
2021-02-09,FTXU,0.0811555,0.0813075,0.064108,0.073563,6081777,854,0.0734292224,DOGEUSD
2021-02-10,FTXU,0.073975,0.082,0.066316,0.07275,3399287,624,0.0733598034,DOGEUSD
2021-02-11,FTXU,0.07303,0.0746315,0.0601055,0.067239,4119474,410,0.0670408159,DOGEUSD
2021-02-12,FTXU,0.066714,0.07282,0.0633845,0.0695525,996367,300,0.0684430159,DOGEUSD
2021-02-13,FTXU,0.0687695,0.069868,0.0629425,0.0639735,1554013,476,0.0663950458,DOGEUSD
2021-02-14,FTXU,0.0641615,0.0658155,0.046901,0.052667,4343774,386,0.0573886384,DOGEUSD
2021-02-15,FTXU,0.0527565,0.063619,0.052645,0.05745,1542213,327,0.0592513509,DOGEUSD
2021-02-16,FTXU,0.057148,0.059025,0.0503985,0.052796,1181421,127,0.0542283666,DOGEUSD
2021-02-17,FTXU,0.053176,0.054297,0.048,0.0530745,1767932,210,0.0499145885,DOGEUSD
2021-02-18,FTXU,0.0524495,0.0639735,0.0503,0.057617,1001308,282,0.0576172497,DOGEUSD
2021-02-19,FTXU,0.056444,0.0578015,0.0529055,0.0547395,587702,132,0.0548545204,DOGEUSD
2021-02-20,FTXU,0.054471,0.060801,0.05132,0.0552935,446525,140,0.0552958302,DOGEUSD
2021-02-21,FTXU,0.055134,0.0601165,0.0547525,0.056623,559557,96,0.0573964689,DOGEUSD
2021-02-22,FTXU,0.056681,0.0608305,0.045901,0.0492,1442982,172,0.0521174651,DOGEUSD
2021-02-23,FTXU,0.051227,0.0512765,0.041535,0.0496635,2611821,163,0.0468687687,DOGEUSD
2021-02-24,FTXU,0.055,0.060364,0.0530355,0.055924,2098871,163,0.0568994743,DOGEUSD
2021-02-25,FTXU,0.057046,0.057046,0.0493445,0.0496235,1386197,92,0.0532294463,DOGEUSD
2021-02-26,FTXU,0.049979,0.0527415,0.0484725,0.051473,1310014,84,0.0505191633,DOGEUSD
2021-02-27,FTXU,0.0512,0.0512,0.046895,0.049066,522295,86,0.0497378614,DOGEUSD
2021-02-28,FTXU,0.047441,0.0494505,0.045,0.049036,393784,86,0.0475720237,DOGEUSD
2021-03-01,FTXU,0.048474,0.052919,0.0483105,0.051722,545315,75,0.0505627229,DOGEUSD
2021-03-02,FTXU,0.050261,0.052202,0.049238,0.0506255,1672811,86,0.0509943099,DOGEUSD
2021-03-03,FTXU,0.0504865,0.052168,0.05,0.05,248920,87,0.0508437672,DOGEUSD
2021-03-04,FTXU,0.0501095,0.0510175,0.0478425,0.0490655,325954,61,0.0485705665,DOGEUSD
2021-03-05,FTXU,0.04944,0.052889,0.0485,0.051983,911739,80,0.0510787954,DOGEUSD
2021-03-06,FTXU,0.0517,0.052145,0.048819,0.05146,127099,67,0.0509166404,DOGEUSD
2021-03-07,FTXU,0.0515855,0.055905,0.0508,0.0555225,447805,72,0.0527717,DOGEUSD
2021-03-08,FTXU,0.056436,0.0629425,0.0545685,0.05964,1526056,251,0.0578142108,DOGEUSD
2021-03-09,FTXU,0.059393,0.059393,0.0549385,0.0558685,1740495,136,0.057199928,DOGEUSD
2021-03-10,FTXU,0.056295,0.0577,0.0543395,0.055365,1005829,79,0.0560103549,DOGEUSD
2021-03-11,FTXU,0.0550605,0.057028,0.0546,0.056113,107545,58,0.0557039973,DOGEUSD
2021-03-12,FTXU,0.0563155,0.0563155,0.0545,0.0552,528526,41,0.0550003284,DOGEUSD
2021-03-13,FTXU,0.0552825,0.063629,0.0552825,0.06147,801718,215,0.0602310365,DOGEUSD
2021-03-14,FTXU,0.061687,0.0628005,0.058486,0.05912,826745,66,0.0611803516,DOGEUSD
2021-03-15,FTXU,0.0587535,0.0587535,0.0550315,0.056839,293243,61,0.0573233391,DOGEUSD
2021-03-16,FTXU,0.05697,0.059267,0.0558255,0.057658,120227,62,0.0580057374,DOGEUSD
2021-03-17,FTXU,0.0576195,0.05912,0.0567135,0.0579215,95159,41,0.0577508252,DOGEUSD
2021-03-18,FTXU,0.0571875,0.058432,0.056784,0.0574695,330420,33,0.0575002729,DOGEUSD
2021-03-19,FTXU,0.059229,0.059229,0.0579495,0.0584875,142558,41,0.0585347036,DOGEUSD
2021-03-20,FTXU,0.059025,0.060481,0.0580955,0.0580955,693339,81,0.0592549503,DOGEUSD
2021-03-21,FTXU,0.058125,0.058602,0.0567355,0.0579785,281574,46,0.0575681854,DOGEUSD
2021-03-22,FTXU,0.0578175,0.0578175,0.0545,0.0553315,255090,74,0.0556003596,DOGEUSD
2021-03-23,FTXU,0.0551085,0.055273,0.052314,0.0536425,699991,67,0.0538833208,DOGEUSD
2021-03-24,FTXU,0.053766,0.05663,0.049474,0.0512,254852,115,0.0525406881,DOGEUSD
2021-03-25,FTXU,0.0513465,0.052328,0.0498375,0.0515855,123002,51,0.0513188146,DOGEUSD
2021-03-26,FTXU,0.052222,0.054854,0.052222,0.053883,273957,60,0.0529280737,DOGEUSD
2021-03-27,FTXU,0.054854,0.0557,0.054114,0.054864,31430,22,0.0544323324,DOGEUSD
2021-03-28,FTXU,0.05435,0.05435,0.0531785,0.0538775,67481,35,0.0539617655,DOGEUSD
2021-03-29,FTXU,0.05435,0.054909,0.0539,0.0543385,520141,31,0.0544089702,DOGEUSD
2021-03-30,FTXU,0.054516,0.0554965,0.05348,0.0544665,257887,45,0.0544854487,DOGEUSD
2021-03-31,FTXU,0.0542405,0.0543455,0.0521275,0.0542135,190458,63,0.0537484801,DOGEUSD
2021-04-01,FTXU,0.0541,0.0704475,0.0541,0.0595105,2866837,457,0.0617497098,DOGEUSD
2021-04-02,FTXU,0.059568,0.0601,0.057495,0.059125,363933,87,0.0584588162,DOGEUSD
2021-04-03,FTXU,0.059125,0.059333,0.0554165,0.0569915,81336,44,0.0573181017,DOGEUSD
2021-04-04,FTXU,0.0567945,0.059491,0.056568,0.0594435,268449,46,0.0577813874,DOGEUSD
2021-04-05,FTXU,0.057753,0.0605685,0.05668,0.059125,1815543,71,0.0592789125,DOGEUSD
2021-04-06,FTXU,0.0592505,0.0673025,0.0584125,0.064995,664385,194,0.0636791409,DOGEUSD
2021-04-07,FTXU,0.065,0.0653915,0.058,0.061333,736780,144,0.0594915997,DOGEUSD
2021-04-08,FTXU,0.061147,0.0621105,0.0600915,0.06147,176949,57,0.0610400096,DOGEUSD
2021-04-09,FTXU,0.0612235,0.0639925,0.060025,0.0619185,241396,64,0.0626459671,DOGEUSD
2021-04-10,FTXU,0.0624115,0.06879,0.06208,0.064896,696040,201,0.0650095738,DOGEUSD
2021-04-11,FTXU,0.06491,0.08,0.064444,0.072029,2627046,554,0.0729984166,DOGEUSD
2021-04-12,FTXU,0.071979,0.0777735,0.068538,0.073917,310202,166,0.0717500132,DOGEUSD
2021-04-13,FTXU,0.074684,0.121122,0.072288,0.111668,9141411,2383,0.0967009427,DOGEUSD
2021-04-14,FTXU,0.112105,0.145931,0.103818,0.1388,20075923,5289,0.1298093963,DOGEUSD
2021-04-15,FTXU,0.13972,0.300426,0.1246665,0.232433,14317309,8360,0.2151114568,DOGEUSD
2021-04-16,FTXU,0.23132,0.4575365,0.23132,0.2808105,24588744,16726,0.3314811577,DOGEUSD
2021-04-17,FTXU,0.2801445,0.3349,0.2322355,0.259,15277602,8516,0.2812200193,DOGEUSD
2021-04-18,FTXU,0.2614285,0.35087,0.2614285,0.3347485,7266452,5868,0.3142528754,DOGEUSD
2021-04-19,FTXU,0.334502,0.436,0.327391,0.415977,16906320,9756,0.3862874897,DOGEUSD
2021-04-20,FTXU,0.415977,0.424032,0.2659965,0.3265055,23544940,11344,0.3452950571,DOGEUSD
2021-04-21,FTXU,0.3262995,0.346412,0.2703335,0.2805615,15949389,4541,0.3112728341,DOGEUSD
2021-04-22,FTXU,0.281934,0.3099655,0.160225,0.2032825,17681373,4215,0.2267746136,DOGEUSD
2021-04-23,FTXU,0.2061215,0.2574605,0.1857965,0.2479895,8617818,2995,0.2356857317,DOGEUSD
2021-04-24,FTXU,0.244716,0.2900135,0.244716,0.2753495,9203305,2165,0.2698195269,DOGEUSD
2021-04-25,FTXU,0.277716,0.280803,0.224848,0.261284,11336249,1459,0.2559246731,DOGEUSD
2021-04-26,FTXU,0.2612835,0.280985,0.2566165,0.267474,2039433,822,0.2707525958,DOGEUSD
2021-04-27,FTXU,0.26772,0.2799995,0.265337,0.2693225,1476721,475,0.2733279437,DOGEUSD
2021-04-28,FTXU,0.26679,0.3455465,0.2564915,0.314754,11015575,3553,0.3096824801,DOGEUSD
2021-04-29,FTXU,0.31608,0.318644,0.296343,0.3113475,3061307,963,0.3059677526,DOGEUSD
2021-04-30,FTXU,0.30892,0.37584,0.307235,0.361919,2716481,2052,0.3380183192,DOGEUSD
2021-05-01,FTXU,0.364545,0.400808,0.346,0.38116,5479571,3371,0.3754054775,DOGEUSD
2021-05-02,FTXU,0.3810385,0.3946425,0.3652905,0.383,2758537,1732,0.3787971985,DOGEUSD
2021-05-03,FTXU,0.382869,0.454267,0.3806065,0.4365065,8892137,5581,0.4201568397,DOGEUSD
2021-05-04,FTXU,0.4378155,0.69,0.4320335,0.6753195,29893549,16239,0.5591217875,DOGEUSD
2021-05-05,FTXU,0.6768935,0.695858,0.525,0.616904,23748840,15666,0.6270894682,DOGEUSD
2021-05-06,FTXU,0.61695,0.626,0.51701,0.5866665,19304606,7649,0.5779205903,DOGEUSD
2021-05-07,FTXU,0.5850905,0.741518,0.5703615,0.738595,23634062,10742,0.6553705689,DOGEUSD
2021-05-08,FTXU,0.74,0.74,0.4627105,0.538889,50913908,14125,0.6102083673,DOGEUSD
2021-05-09,FTXU,0.5425345,0.595,0.422301,0.53731,42772142,15431,0.509344319,DOGEUSD
2021-05-10,FTXU,0.538792,0.5576655,0.42,0.4846695,23295609,7153,0.4751840176,DOGEUSD
2021-05-11,FTXU,0.4855575,0.5463925,0.4603325,0.489849,13260985,4512,0.5029552527,DOGEUSD
2021-05-12,FTXU,0.4923615,0.5222265,0.351,0.438783,34123802,9108,0.4379520518,DOGEUSD
2021-05-13,FTXU,0.4432395,0.53,0.3756745,0.5102155,23224595,7864,0.4365925728,DOGEUSD
2021-05-14,FTXU,0.510546,0.590654,0.5096285,0.5283215,10650520,5907,0.5451039878,DOGEUSD
2021-05-15,FTXU,0.525949,0.548621,0.4920695,0.525949,8901864,3939,0.5181425589,DOGEUSD
2021-05-16,FTXU,0.528532,0.5406095,0.4496925,0.481678,7684581,3637,0.4928156547,DOGEUSD
2021-05-17,FTXU,0.4857575,0.5156625,0.468377,0.5008065,8081738,3016,0.4896777628,DOGEUSD
2021-05-18,FTXU,0.499833,0.5148235,0.382828,0.400655,5621007,3144,0.4553193363,DOGEUSD
2021-05-19,FTXU,0.4038775,0.4298005,0.2160755,0.3499995,28568894,9920,0.330458895,DOGEUSD
2021-05-20,FTXU,0.352768,0.434848,0.3468425,0.3915,9191275,7154,0.3976173421,DOGEUSD
2021-05-21,FTXU,0.393737,0.398193,0.314312,0.3315085,9966427,4146,0.352854142,DOGEUSD
2021-05-22,FTXU,0.3313385,0.3634135,0.316953,0.3454355,6715305,2493,0.3420049954,DOGEUSD
2021-05-23,FTXU,0.3441885,0.3441885,0.249143,0.2986565,8059838,2636,0.2998517248,DOGEUSD
2021-05-24,FTXU,0.3027685,0.380296,0.30059,0.3474385,8895808,3464,0.3507966115,DOGEUSD
2021-05-25,FTXU,0.3475,0.3735625,0.3227845,0.352198,5661003,1871,0.341468961,DOGEUSD
2021-05-26,FTXU,0.3533,0.367,0.327139,0.3335115,4297004,1368,0.3424069369,DOGEUSD
2021-05-27,FTXU,0.3326,0.348146,0.326437,0.332348,3272833,1427,0.3370196715,DOGEUSD
2021-05-28,FTXU,0.334,0.3349175,0.301012,0.3098455,5168048,1724,0.3129069409,DOGEUSD
2021-05-29,FTXU,0.310465,0.3176185,0.2803,0.299692,3022912,1196,0.2946072729,DOGEUSD
2021-05-30,FTXU,0.302374,0.310348,0.294453,0.2955,5391100,851,0.304975959,DOGEUSD
2021-05-31,FTXU,0.297205,0.3458835,0.297205,0.33115,2864767,1260,0.322088259,DOGEUSD
2021-06-01,FTXU,0.335615,0.3841485,0.311684,0.37085,9633652,3327,0.3512409304,DOGEUSD
2021-06-02,FTXU,0.371788,0.448101,0.3657495,0.427976,15463269,5555,0.4116000411,DOGEUSD
2021-06-03,FTXU,0.4293325,0.440896,0.3697465,0.385888,8905960,3620,0.3986178575,DOGEUSD
2021-06-04,FTXU,0.387867,0.396536,0.3504865,0.384303,7199128,3338,0.3711165175,DOGEUSD
2021-06-05,FTXU,0.3851,0.394649,0.360338,0.37443,5626142,1342,0.3722234909,DOGEUSD
2021-06-06,FTXU,0.373396,0.379992,0.366892,0.3735475,551676,289,0.3718692403,DOGEUSD
2021-06-07,FTXU,0.374992,0.374992,0.3170865,0.3269795,5405280,1480,0.3451704472,DOGEUSD
2021-06-08,FTXU,0.326201,0.337292,0.2960485,0.320904,3209252,985,0.3210589126,DOGEUSD
2021-06-09,FTXU,0.321287,0.3539895,0.321287,0.3367405,1280593,831,0.3367897519,DOGEUSD
2021-06-10,FTXU,0.3370045,0.3423015,0.318987,0.326417,3293872,1004,0.3300038566,DOGEUSD
2021-06-11,FTXU,0.32669,0.333259,0.3002115,0.302887,3126305,448,0.3145512874,DOGEUSD
2021-06-12,FTXU,0.3052955,0.318526,0.3026875,0.310617,1115054,461,0.3112890656,DOGEUSD
2021-06-13,FTXU,0.3095125,0.330649,0.3076295,0.3218285,3121413,592,0.3176681853,DOGEUSD
2021-06-14,FTXU,0.325025,0.33774,0.321208,0.329174,2645863,708,0.3306812843,DOGEUSD
2021-06-15,FTXU,0.327736,0.328342,0.3138615,0.3177985,1638756,521,0.3199325638,DOGEUSD
2021-06-16,FTXU,0.3170335,0.3192955,0.30542,0.3117735,2440689,977,0.3102610284,DOGEUSD
2021-06-17,FTXU,0.3110895,0.3132835,0.3,0.305022,7516715,875,0.3044944815,DOGEUSD
2021-06-18,FTXU,0.303,0.3041,0.2803065,0.2890505,5731843,1749,0.2883295441,DOGEUSD
2021-06-19,FTXU,0.2899,0.295757,0.2808445,0.2847755,779762,356,0.2895609618,DOGEUSD
2021-06-20,FTXU,0.284925,0.289353,0.2555775,0.2637345,3266212,1125,0.2723335194,DOGEUSD
2021-06-21,FTXU,0.260946,0.2673445,0.164414,0.202633,28088400,2919,0.1954117329,DOGEUSD
2021-06-22,FTXU,0.2025475,0.2207995,0.1630395,0.2110955,12901700,2232,0.1864905267,DOGEUSD
2021-06-23,FTXU,0.2103305,0.2492695,0.2103305,0.2273725,8110467,1792,0.230390929,DOGEUSD
2021-06-24,FTXU,0.2267935,0.2892275,0.2267935,0.27609,6324084,2483,0.2635285863,DOGEUSD
2021-06-25,FTXU,0.2744175,0.275577,0.2290765,0.254142,14353779,4024,0.2514775447,DOGEUSD
2021-06-26,FTXU,0.254909,0.2550105,0.2311035,0.247528,5834871,1293,0.2401499353,DOGEUSD
2021-06-27,FTXU,0.249379,0.266842,0.2402985,0.2553635,2787522,854,0.2489920468,DOGEUSD
2021-06-28,FTXU,0.2558415,0.262536,0.2508,0.2553125,5224181,792,0.2559481876,DOGEUSD
2021-06-29,FTXU,0.2568685,0.276016,0.248978,0.248978,2817666,1213,0.2667629092,DOGEUSD
2021-06-30,FTXU,0.24895,0.2555365,0.2374945,0.245935,7678568,2625,0.2469313256,DOGEUSD
2021-07-01,FTXU,0.245711,0.2611095,0.2385505,0.242154,5662438,2633,0.249342943,DOGEUSD
2021-07-02,FTXU,0.2419825,0.248421,0.238515,0.24295,1516519,708,0.2435927916,DOGEUSD
2021-07-03,FTXU,0.243954,0.250015,0.243486,0.245897,598343,662,0.2465579387,DOGEUSD
2021-07-04,FTXU,0.2456095,0.252784,0.239855,0.242395,747257,589,0.2476871539,DOGEUSD
2021-07-05,FTXU,0.2413,0.244759,0.2259,0.240571,1280015,936,0.2337911127,DOGEUSD
2021-07-06,FTXU,0.2407495,0.2411895,0.2297645,0.236,6063061,919,0.236058032,DOGEUSD
2021-07-07,FTXU,0.2358525,0.2383095,0.212421,0.217546,4780892,645,0.2271652862,DOGEUSD
2021-07-08,FTXU,0.217807,0.2181245,0.1949565,0.204675,3243688,1355,0.2067674525,DOGEUSD
2021-07-09,FTXU,0.207,0.2294825,0.202007,0.2163635,3738705,1984,0.2193432895,DOGEUSD
2021-07-10,FTXU,0.216213,0.2204895,0.1991195,0.212656,11738465,805,0.2136069827,DOGEUSD
2021-07-11,FTXU,0.2130295,0.223828,0.1984455,0.2164405,20459805,723,0.2130670988,DOGEUSD
2021-07-12,FTXU,0.2156555,0.2186615,0.204249,0.2061385,1487741,1359,0.2076875229,DOGEUSD
2021-07-13,FTXU,0.2053835,0.205802,0.18765,0.190217,6229496,1633,0.1996450818,DOGEUSD
2021-07-14,FTXU,0.190973,0.2043935,0.1885175,0.192841,4758011,1529,0.1983028878,DOGEUSD
2021-07-15,FTXU,0.1926885,0.193994,0.180645,0.186226,5660413,1454,0.1874534613,DOGEUSD
2021-07-16,FTXU,0.185852,0.185852,0.169042,0.1713915,2160349,1366,0.1774622325,DOGEUSD
2021-07-17,FTXU,0.17229,0.205045,0.171128,0.1918875,8903274,3458,0.185325676,DOGEUSD
2021-07-18,FTXU,0.191389,0.1921575,0.1773475,0.180363,5072881,2703,0.1849954713,DOGEUSD
2021-07-19,FTXU,0.18183,0.18183,0.1622,0.1631645,5208424,2590,0.1702218603,DOGEUSD
2021-07-20,FTXU,0.1640465,0.183105,0.16,0.179861,3114570,1681,0.1709585851,DOGEUSD
2021-07-21,FTXU,0.181169,0.2143005,0.1767055,0.191094,15565497,7241,0.1912134406,DOGEUSD
2021-07-22,FTXU,0.19224,0.1951515,0.1871855,0.1951515,2481220,1258,0.1911102528,DOGEUSD
2021-07-23,FTXU,0.1952045,0.1994255,0.183146,0.1940535,2130598,1341,0.1926034487,DOGEUSD
2021-07-24,FTXU,0.1928355,0.204494,0.1915405,0.197691,11338923,2717,0.1968996531,DOGEUSD
2021-07-25,FTXU,0.1978385,0.2306225,0.1922875,0.2266795,3183584,1756,0.2059154851,DOGEUSD
2021-07-26,FTXU,0.2264945,0.232613,0.195368,0.1997555,4189260,2610,0.2162153298,DOGEUSD
2021-07-27,FTXU,0.199419,0.2093735,0.196069,0.2052035,5720068,2586,0.2029702697,DOGEUSD
2021-07-28,FTXU,0.205083,0.2140315,0.201848,0.204824,2140986,1661,0.2069393634,DOGEUSD
2021-07-29,FTXU,0.2046115,0.2103065,0.200583,0.2060145,569124,519,0.2046779053,DOGEUSD
2021-07-30,FTXU,0.2061845,0.2145645,0.195333,0.207629,2875028,1015,0.2062499789,DOGEUSD
2021-07-31,FTXU,0.207726,0.2177585,0.2049255,0.2142285,2508105,1115,0.2082408059,DOGEUSD
2021-08-01,FTXU,0.2149,0.2149,0.200805,0.205488,3239593,1152,0.2091787947,DOGEUSD
2021-08-02,FTXU,0.2054135,0.209768,0.198266,0.1990815,1333112,674,0.204076116,DOGEUSD
2021-08-03,FTXU,0.1983105,0.1996405,0.193166,0.196048,863949,544,0.1961556901,DOGEUSD
2021-08-04,FTXU,0.196338,0.203169,0.1944845,0.1997085,702912,440,0.1996518445,DOGEUSD
2021-08-05,FTXU,0.1996035,0.2015845,0.1948505,0.199781,1733301,392,0.1997333097,DOGEUSD
2021-08-06,FTXU,0.199707,0.2169375,0.199015,0.2123875,2282165,1144,0.2074133258,DOGEUSD
2021-08-07,FTXU,0.2127255,0.283545,0.2118405,0.261102,15207006,6178,0.2510094615,DOGEUSD
2021-08-08,FTXU,0.261159,0.273865,0.230707,0.240447,12680625,4841,0.2522393762,DOGEUSD
2021-08-09,FTXU,0.2406215,0.2667765,0.234626,0.2516775,12423077,4521,0.256548139,DOGEUSD
2021-08-10,FTXU,0.253874,0.264482,0.2454425,0.2615855,11246949,3377,0.2567647353,DOGEUSD
2021-08-11,FTXU,0.2617555,0.29558,0.259852,0.2764455,29270298,8670,0.2805455624,DOGEUSD
2021-08-12,FTXU,0.2794665,0.2810865,0.252,0.2701325,28987462,7273,0.2669461287,DOGEUSD
2021-08-13,FTXU,0.270043,0.2959275,0.269105,0.287515,9745890,3931,0.2822889375,DOGEUSD
2021-08-14,FTXU,0.2877725,0.312347,0.2766255,0.302621,11909821,4988,0.2931641063,DOGEUSD
2021-08-15,FTXU,0.3027815,0.3503885,0.285798,0.337301,22840626,10525,0.3295639733,DOGEUSD
2021-08-16,FTXU,0.337575,0.352064,0.3058265,0.3368,30609309,12443,0.3266779107,DOGEUSD
2021-08-17,FTXU,0.337578,0.3385,0.277257,0.297004,17459643,9673,0.3171918829,DOGEUSD
2021-08-18,FTXU,0.297105,0.325494,0.2842,0.2974,32089600,14559,0.3053196272,DOGEUSD
2021-08-19,FTXU,0.2973,0.3272045,0.295042,0.3180875,14337314,7354,0.312535243,DOGEUSD
2021-08-20,FTXU,0.3178,0.3374675,0.3144,0.323593,31014749,9197,0.3263725215,DOGEUSD
2021-08-21,FTXU,0.3224385,0.329658,0.3125,0.317525,22374174,5685,0.3213515617,DOGEUSD
2021-08-22,FTXU,0.317601,0.3259845,0.3052725,0.3223,10625951,4602,0.3153792877,DOGEUSD
2021-08-23,FTXU,0.323049,0.3281375,0.3112205,0.3150795,8842984,3764,0.3186885212,DOGEUSD
2021-08-24,FTXU,0.31509,0.3173,0.276256,0.289,19074432,6972,0.2955689039,DOGEUSD
2021-08-25,FTXU,0.2901515,0.2971345,0.2797,0.284043,21584284,8092,0.2896322052,DOGEUSD
2021-08-26,FTXU,0.284143,0.285048,0.2643675,0.2690495,37444018,8396,0.2716505399,DOGEUSD
2021-08-27,FTXU,0.2693225,0.299817,0.268673,0.29302,15997327,4406,0.2820851705,DOGEUSD
2021-08-28,FTXU,0.292542,0.292542,0.2775725,0.280347,10229247,2941,0.2869619678,DOGEUSD
2021-08-29,FTXU,0.2798,0.290373,0.2767,0.280326,8863422,2438,0.2822984224,DOGEUSD
2021-08-30,FTXU,0.279806,0.283239,0.269727,0.2732945,14200170,3554,0.2751530214,DOGEUSD
2021-08-31,FTXU,0.273,0.285952,0.2700835,0.277297,7456025,3372,0.2773611612,DOGEUSD
2021-09-01,FTXU,0.2773975,0.3100785,0.2772235,0.3004805,15113132,5787,0.2951121983,DOGEUSD
2021-09-02,FTXU,0.3003605,0.309616,0.286903,0.2975295,12842864,4898,0.299623571,DOGEUSD
2021-09-03,FTXU,0.2969,0.304924,0.2910945,0.296068,16227980,3902,0.2985494113,DOGEUSD
2021-09-04,FTXU,0.2954,0.308809,0.2941,0.3000845,11133791,4328,0.3018018675,DOGEUSD
2021-09-05,FTXU,0.2992,0.316338,0.2966,0.310712,8654418,3605,0.3080981915,DOGEUSD
2021-09-06,FTXU,0.310525,0.3200635,0.300426,0.3053105,13818733,4667,0.3072910147,DOGEUSD
2021-09-07,FTXU,0.3054965,0.3060005,0.210472,0.255249,80307312,17973,0.2558394426,DOGEUSD
2021-09-08,FTXU,0.2562215,0.263046,0.2339,0.2527435,18417386,7396,0.2508947754,DOGEUSD
2021-09-09,FTXU,0.2527,0.2617095,0.248988,0.254401,57886672,13697,0.2553493557,DOGEUSD
2021-09-10,FTXU,0.254552,0.2563215,0.2356,0.241562,15842217,4799,0.2453156819,DOGEUSD
2021-09-11,FTXU,0.2412,0.247791,0.2379,0.241715,5523251,1900,0.2427580301,DOGEUSD
2021-09-12,FTXU,0.2417925,0.2550755,0.2382,0.2403645,6044731,2614,0.2453059907,DOGEUSD
2021-09-13,FTXU,0.2395,0.245145,0.227383,0.236,6100634,2864,0.2363130192,DOGEUSD
2021-09-14,FTXU,0.236054,0.241955,0.2352,0.239448,9877519,2120,0.238674768,DOGEUSD
2021-09-15,FTXU,0.2393,0.2482255,0.2391,0.2467875,4479218,1448,0.2436847756,DOGEUSD
2021-09-16,FTXU,0.2459,0.256422,0.232919,0.252006,10029556,3396,0.242927611,DOGEUSD
2021-09-17,FTXU,0.2521065,0.2596335,0.237541,0.2432,5807952,3705,0.2475061392,DOGEUSD
2021-09-18,FTXU,0.2431,0.2472895,0.238571,0.2398625,959649,778,0.2436567449,DOGEUSD
2021-09-19,FTXU,0.239963,0.241304,0.2190665,0.222747,2250225,1542,0.2298129307,DOGEUSD
2021-09-20,FTXU,0.223604,0.224106,0.1991,0.2064,9871481,4938,0.2083811155,DOGEUSD
2021-09-21,FTXU,0.207145,0.2183855,0.197424,0.203,5558036,3731,0.2059210317,DOGEUSD
2021-09-22,FTXU,0.2037325,0.231215,0.2037325,0.2246,6050328,3861,0.2192152182,DOGEUSD
2021-09-23,FTXU,0.2245,0.2291125,0.2178,0.2213635,2617123,1833,0.2236107073,DOGEUSD
2021-09-24,FTXU,0.2213335,0.224033,0.196479,0.2107005,7031909,3370,0.2092802879,DOGEUSD
2021-09-25,FTXU,0.2114685,0.212464,0.2027,0.204636,1949982,1719,0.2082041242,DOGEUSD
2021-09-26,FTXU,0.204736,0.209353,0.1944,0.2064,2800345,1869,0.204280011,DOGEUSD
2021-09-27,FTXU,0.207029,0.20855,0.1988,0.2015015,2854482,1312,0.2029141561,DOGEUSD
2021-09-28,FTXU,0.2015,0.202528,0.1949,0.1999,2160214,1228,0.2001514825,DOGEUSD
2021-09-29,FTXU,0.1998,0.204837,0.195,0.203388,1524433,1017,0.2002881602,DOGEUSD
2021-09-30,FTXU,0.20346,0.20584,0.1995845,0.2022,2768337,900,0.2028864672,DOGEUSD
2021-10-01,FTXU,0.2029295,0.2254475,0.202822,0.217429,3959984,2426,0.2176717436,DOGEUSD
2021-10-02,FTXU,0.217482,0.225024,0.2153,0.219188,2537322,1501,0.2213958553,DOGEUSD
2021-10-03,FTXU,0.2192885,0.227754,0.212533,0.216147,5242178,2143,0.2210722052,DOGEUSD
2021-10-04,FTXU,0.216378,0.248869,0.2128,0.2381275,7531858,6473,0.2296121687,DOGEUSD
2021-10-05,FTXU,0.238257,0.2679245,0.2329855,0.2540135,23564350,10660,0.2540197132,DOGEUSD
2021-10-06,FTXU,0.254114,0.2715765,0.236,0.2442315,199828957,41019,0.2494636112,DOGEUSD
2021-10-07,FTXU,0.244217,0.2567615,0.2403,0.2436,33756322,7748,0.2436814405,DOGEUSD
2021-10-08,FTXU,0.2435,0.2548165,0.2405005,0.245704,2456329,2585,0.2482523323,DOGEUSD
2021-10-09,FTXU,0.2454985,0.2523075,0.2424575,0.246317,526751,1157,0.2472377947,DOGEUSD
2021-10-10,FTXU,0.246386,0.2484935,0.226178,0.2359335,3352651,2277,0.2368224745,DOGEUSD
2021-10-11,FTXU,0.236068,0.239357,0.222529,0.22682,2724757,2295,0.2307910539,DOGEUSD
2021-10-12,FTXU,0.2262,0.230529,0.216355,0.22934,3473935,3277,0.2234192599,DOGEUSD
2021-10-13,FTXU,0.2296895,0.2401255,0.2208,0.23426,3241252,4011,0.230364536,DOGEUSD
2021-10-14,FTXU,0.2342155,0.2388195,0.2274,0.232536,1418275,1356,0.2331949702,DOGEUSD
2021-10-15,FTXU,0.2326365,0.245483,0.224066,0.2373,2697218,2728,0.2375088494,DOGEUSD
2021-10-16,FTXU,0.2372,0.244379,0.23413,0.2371,1681771,1375,0.2386820117,DOGEUSD
2021-10-17,FTXU,0.237,0.243052,0.2257,0.240277,2852565,2190,0.2375314552,DOGEUSD
2021-10-18,FTXU,0.2403765,0.272244,0.238867,0.2513705,7474365,7569,0.2516305966,DOGEUSD
2021-10-19,FTXU,0.2519055,0.2519055,0.239748,0.2434755,2512681,1873,0.244533953,DOGEUSD
2021-10-20,FTXU,0.243576,0.261751,0.2434825,0.252508,9070612,5105,0.252656426,DOGEUSD
2021-10-21,FTXU,0.2526085,0.257491,0.204052,0.2452,9042555,5008,0.2466131826,DOGEUSD
2021-10-22,FTXU,0.2451005,0.2526085,0.230847,0.2467875,9187496,4526,0.2448183285,DOGEUSD
2021-10-23,FTXU,0.246888,0.253612,0.239419,0.2488485,2684124,2604,0.2485223771,DOGEUSD
2021-10-24,FTXU,0.249698,0.282747,0.2459545,0.2715765,10208177,11183,0.2654438682,DOGEUSD
2021-10-25,FTXU,0.2706,0.273909,0.2587,0.263648,4554064,3148,0.2652359828,DOGEUSD
2021-10-26,FTXU,0.263454,0.2740855,0.2520335,0.261529,7367325,3603,0.2613114346,DOGEUSD
2021-10-27,FTXU,0.261455,0.2632465,0.2177615,0.2394495,25215049,13427,0.2412311916,DOGEUSD
2021-10-28,FTXU,0.2401635,0.3402435,0.240046,0.2956425,71334429,34737,0.3056353162,DOGEUSD
2021-10-29,FTXU,0.296165,0.299979,0.2750005,0.2855335,18449516,9799,0.289388494,DOGEUSD
2021-10-30,FTXU,0.285501,0.2946595,0.2582,0.269,15491397,6527,0.274106918,DOGEUSD
2021-10-31,FTXU,0.269174,0.2865305,0.2523,0.2694745,15321540,8840,0.2697405011,DOGEUSD
2021-11-01,FTXU,0.269658,0.281111,0.2666,0.2709885,7567099,3981,0.272020789,DOGEUSD
2021-11-02,FTXU,0.2714165,0.2810575,0.2693795,0.271035,12797929,3978,0.2738529313,DOGEUSD
2021-11-03,FTXU,0.2709335,0.277498,0.2627,0.26948,17770278,4040,0.268871411,DOGEUSD
2021-11-04,FTXU,0.2691175,0.2692305,0.2542035,0.2615,10565598,3300,0.261324435,DOGEUSD
2021-11-05,FTXU,0.2614,0.2707735,0.257,0.2651165,9062304,3251,0.2626801134,DOGEUSD
2021-11-06,FTXU,0.264655,0.26525,0.2504,0.261557,11491336,3453,0.2582211842,DOGEUSD
2021-11-07,FTXU,0.261521,0.275362,0.2587375,0.274976,12810248,3889,0.2677866033,DOGEUSD
2021-11-08,FTXU,0.2745365,0.297321,0.2712,0.2854155,30515045,9894,0.2821640859,DOGEUSD
2021-11-09,FTXU,0.2854005,0.286731,0.26629,0.270377,22517325,5339,0.2760281214,DOGEUSD
2021-11-10,FTXU,0.270092,0.2772725,0.2368,0.2603735,29353421,9357,0.2605242801,DOGEUSD
2021-11-11,FTXU,0.2603715,0.271376,0.2563,0.2612875,19002554,4888,0.2623107731,DOGEUSD
2021-11-12,FTXU,0.2613185,0.2626465,0.248851,0.255225,19941058,4123,0.2554226799,DOGEUSD
2021-11-13,FTXU,0.255519,0.2631915,0.2554,0.2614935,2537392,1214,0.258784203,DOGEUSD
2021-11-14,FTXU,0.261179,0.315172,0.259913,0.2633885,9646619,2974,0.2638356004,DOGEUSD
2021-11-15,FTXU,0.2633,0.26415,0.2430705,0.2475015,16558516,4481,0.2512680216,DOGEUSD
2021-11-16,FTXU,0.2479955,0.2486235,0.224213,0.2352235,31796660,5941,0.2362907053,DOGEUSD
2021-11-17,FTXU,0.2353885,0.2415685,0.2329665,0.234773,15767938,3390,0.2376986364,DOGEUSD
2021-11-18,FTXU,0.2345,0.2351835,0.215808,0.2230425,15407412,3164,0.2250080219,DOGEUSD
2021-11-19,FTXU,0.223305,0.237297,0.221083,0.232265,9980481,2193,0.2321199634,DOGEUSD
2021-11-20,FTXU,0.2321865,0.235548,0.225,0.230585,21874755,1742,0.2287709672,DOGEUSD
2021-11-21,FTXU,0.230601,0.2314675,0.22,0.2222455,4749179,1171,0.2267127023,DOGEUSD
2021-11-22,FTXU,0.2226515,0.2275,0.216864,0.220944,6067290,1527,0.2215023829,DOGEUSD
2021-11-23,FTXU,0.2213295,0.2375,0.2138925,0.2231845,27422491,3942,0.2291651564,DOGEUSD
2021-11-24,FTXU,0.223492,0.2235175,0.2112645,0.216887,18639530,3971,0.2177215867,DOGEUSD
2021-11-25,FTXU,0.2168245,0.229478,0.2151675,0.218006,16993615,3175,0.2227111303,DOGEUSD
2021-11-26,FTXU,0.2179615,0.2181915,0.1888,0.2057345,22447498,3864,0.2008613914,DOGEUSD
2021-11-27,FTXU,0.205899,0.20939,0.196926,0.2006565,7297894,1835,0.2036656508,DOGEUSD
2021-11-28,FTXU,0.2006765,0.208749,0.1916165,0.205676,5522336,1643,0.2010558927,DOGEUSD
2021-11-29,FTXU,0.205875,0.2275,0.203116,0.2171765,8543271,2836,0.2162765845,DOGEUSD
2021-11-30,FTXU,0.2170425,0.225,0.213125,0.213731,8243201,2485,0.2177338634,DOGEUSD
2021-12-01,FTXU,0.213718,0.217045,0.201031,0.2056815,12120682,2124,0.2085135632,DOGEUSD
2021-12-02,FTXU,0.205665,0.2232115,0.205322,0.2091945,20113251,3691,0.2114971713,DOGEUSD
2021-12-03,FTXU,0.209608,0.2120655,0.1303835,0.162,40151068,5361,0.1919029665,DOGEUSD
2021-12-04,FTXU,0.1618285,0.2000275,0.1556255,0.1790625,30796091,8274,0.1711197882,DOGEUSD
2021-12-05,FTXU,0.179024,0.179024,0.1623365,0.1684355,30121099,5044,0.1710387167,DOGEUSD
2021-12-06,FTXU,0.16803,0.1846515,0.1596445,0.17884,47052843,6334,0.1732452246,DOGEUSD
2021-12-07,FTXU,0.178896,0.1842185,0.1732,0.178036,6411657,2422,0.1789085476,DOGEUSD
2021-12-08,FTXU,0.1782905,0.1822665,0.1726905,0.1769895,5072824,2519,0.1785052226,DOGEUSD
2021-12-09,FTXU,0.177009,0.1827115,0.1687665,0.170147,6075804,3244,0.1749503737,DOGEUSD
2021-12-10,FTXU,0.170552,0.1747845,0.1614105,0.1662875,40150318,3589,0.1680448387,DOGEUSD
2021-12-11,FTXU,0.1662665,0.17677,0.1654465,0.167127,6139446,1456,0.1686635852,DOGEUSD
2021-12-12,FTXU,0.167361,0.173946,0.162917,0.165974,78694194,3948,0.1667544946,DOGEUSD
2021-12-13,FTXU,0.166061,0.1661875,0.151361,0.156818,19407612,3061,0.1593929926,DOGEUSD
2021-12-14,FTXU,0.157492,0.221478,0.1552645,0.1790685,45386917,7939,0.2001910423,DOGEUSD
2021-12-15,FTXU,0.179242,0.186061,0.1703265,0.178768,20237331,3398,0.1754803923,DOGEUSD
2021-12-16,FTXU,0.1789825,0.1850485,0.1724045,0.175163,2495579,1874,0.1774124249,DOGEUSD
2021-12-17,FTXU,0.175489,0.1758605,0.161568,0.171566,5852927,1312,0.1698413638,DOGEUSD
2021-12-18,FTXU,0.1716745,0.1756505,0.170227,0.1726485,5889832,1041,0.1729096218,DOGEUSD
2021-12-19,FTXU,0.1727615,0.173941,0.166563,0.166701,8826931,739,0.1701932436,DOGEUSD
2021-12-20,FTXU,0.166643,0.1716235,0.1607525,0.1706945,17175082,2131,0.1653824427,DOGEUSD
2021-12-21,FTXU,0.17075,0.1736205,0.168023,0.17226,4051716,1422,0.1705819506,DOGEUSD
2021-12-22,FTXU,0.172476,0.179748,0.1713675,0.1745635,53407730,4139,0.1766426759,DOGEUSD
2021-12-23,FTXU,0.1741915,0.1853405,0.173889,0.1812645,61914153,4820,0.1822457381,DOGEUSD
2021-12-24,FTXU,0.181274,0.1959785,0.17951,0.1926005,15980973,4720,0.1906971736,DOGEUSD
2021-12-25,FTXU,0.1921045,0.1964815,0.1852375,0.186731,3231652,1608,0.1906049724,DOGEUSD
2021-12-26,FTXU,0.186813,0.1925405,0.1864545,0.189966,3317176,1117,0.1898807349,DOGEUSD
2021-12-27,FTXU,0.189827,0.1929385,0.1781865,0.1811505,3134294,1818,0.1876436565,DOGEUSD
2021-12-28,FTXU,0.1809225,0.182232,0.1716225,0.1751935,11679582,2148,0.1789322708,DOGEUSD
2021-12-29,FTXU,0.175382,0.176966,0.1652025,0.170384,52615945,4758,0.1694940957,DOGEUSD
2021-12-30,FTXU,0.1704245,0.1757045,0.169725,0.171227,7290013,1851,0.1722048802,DOGEUSD
2021-12-31,FTXU,0.171227,0.1758765,0.1653875,0.1717645,23911265,2899,0.1686560793,DOGEUSD
2022-01-01,FTXU,0.171632,0.1737575,0.1395,0.171648,17781812,1375,0.1717818423,DOGEUSD
2022-01-02,FTXU,0.1717085,0.176286,0.1708485,0.1720175,2390913,1042,0.1731446068,DOGEUSD
2022-01-03,FTXU,0.17213,0.1733885,0.166975,0.170144,14676641,1745,0.1689983641,DOGEUSD
2022-01-04,FTXU,0.170078,0.172497,0.166503,0.1697905,8682767,1288,0.1685675857,DOGEUSD
2022-01-05,FTXU,0.16969,0.1708645,0.1473185,0.156412,77034632,5765,0.1628567345,DOGEUSD
2022-01-06,FTXU,0.1559965,0.162,0.128432,0.1541335,16066275,3755,0.1561189999,DOGEUSD
2022-01-07,FTXU,0.154126,0.1582465,0.149798,0.156842,25564691,3314,0.153214776,DOGEUSD
2022-01-08,FTXU,0.156695,0.1578895,0.1454545,0.151751,20325117,2638,0.1519574141,DOGEUSD
2022-01-09,FTXU,0.151754,0.1539845,0.148615,0.15155,9039674,1740,0.1518436915,DOGEUSD
2022-01-10,FTXU,0.151511,0.151946,0.1369395,0.14435,11484325,3056,0.1436910387,DOGEUSD
2022-01-11,FTXU,0.144361,0.1676,0.143318,0.1530355,35465021,3854,0.1594301419,DOGEUSD
2022-01-12,FTXU,0.153319,0.1755725,0.1516485,0.1748185,81081424,4846,0.1607874178,DOGEUSD
2022-01-13,FTXU,0.175335,0.1950435,0.1614195,0.190061,104466800,8216,0.1746985377,DOGEUSD
2022-01-14,FTXU,0.1907205,0.2141845,0.180712,0.1899375,63377379,8073,0.1925103967,DOGEUSD
2022-01-15,FTXU,0.1898435,0.194914,0.178774,0.1807165,15106747,2687,0.1874590136,DOGEUSD
2022-01-16,FTXU,0.180759,0.1843345,0.1688605,0.170887,7873548,1087,0.1765033116,DOGEUSD
2022-01-17,FTXU,0.171519,0.1741375,0.1656995,0.168967,21016485,1440,0.1686651412,DOGEUSD
2022-01-18,FTXU,0.168766,0.1722775,0.1617605,0.1655815,9694762,1510,0.1659625671,DOGEUSD
2022-01-19,FTXU,0.166119,0.1677525,0.1587175,0.163916,9766423,1520,0.1639350447,DOGEUSD
2022-01-20,FTXU,0.1640575,0.1693605,0.1487875,0.1524165,32444294,7759,0.1558563204,DOGEUSD
2022-01-21,FTXU,0.1524325,0.1547745,0.1344,0.1344,106600145,25432,0.1473872121,DOGEUSD
2022-01-22,FTXU,0.1375125,0.1416195,0.12,0.1388455,288495779,51071,0.1306971867,DOGEUSD
2022-01-23,FTXU,0.1389355,0.1444875,0.134678,0.1369515,180498085,38374,0.1388123364,DOGEUSD
2022-01-24,FTXU,0.136917,0.1413445,0.125909,0.133832,103335368,16733,0.1323365603,DOGEUSD
2022-01-25,FTXU,0.133618,0.151723,0.1326095,0.1456165,23811372,15422,0.1421762431,DOGEUSD
2022-01-26,FTXU,0.1455665,0.153333,0.1383355,0.139937,22601861,23957,0.1445592651,DOGEUSD
2022-01-27,FTXU,0.1398835,0.15851,0.1286605,0.1412905,19544172,3229,0.1393121108,DOGEUSD
2022-01-28,FTXU,0.141274,0.142824,0.137931,0.1418915,4774452,1330,0.1401375291,DOGEUSD
2022-01-29,FTXU,0.1418485,0.144298,0.140294,0.1428895,5613226,3413,0.1426825048,DOGEUSD
2022-01-30,FTXU,0.142848,0.1437145,0.1366505,0.1369215,5106050,8481,0.1396762891,DOGEUSD
2022-01-31,FTXU,0.13698,0.144361,0.1363385,0.1424455,4358555,1506,0.1408368811,DOGEUSD
2022-02-01,FTXU,0.1424935,0.1445135,0.1411825,0.142728,5794096,2058,0.1427033882,DOGEUSD
2022-02-02,FTXU,0.1428155,0.1465505,0.1357505,0.1385335,8565733,887,0.1398784288,DOGEUSD
2022-02-03,FTXU,0.1386545,0.1395505,0.134782,0.1392195,10586810,819,0.1364943803,DOGEUSD
2022-02-04,FTXU,0.139245,0.1507395,0.1378945,0.149994,5037347,1325,0.1429307045,DOGEUSD
2022-02-05,FTXU,0.1503875,0.150554,0.1448915,0.14803,2152654,1492,0.1481121582,DOGEUSD
2022-02-06,FTXU,0.148023,0.161002,0.144688,0.157871,9742124,2989,0.1533279413,DOGEUSD
2022-02-07,FTXU,0.1578545,0.1729585,0.1551515,0.167848,42521365,6040,0.1627512334,DOGEUSD
2022-02-08,FTXU,0.167855,0.1700365,0.1532355,0.1563165,22130630,3572,0.1567092091,DOGEUSD
2022-02-09,FTXU,0.156076,0.162387,0.1553845,0.1577985,11117612,3010,0.1590913191,DOGEUSD
2022-02-10,FTXU,0.157797,0.1606045,0.148822,0.1509645,19224882,3552,0.155006158,DOGEUSD
2022-02-11,FTXU,0.15076,0.1542535,0.142265,0.144595,9855583,3026,0.1481007229,DOGEUSD
2022-02-12,FTXU,0.144434,0.1475665,0.1406485,0.1445625,14490525,2675,0.1432889747,DOGEUSD
2022-02-13,FTXU,0.144515,0.157981,0.143128,0.1441475,27950596,6101,0.1517063545,DOGEUSD
2022-02-14,FTXU,0.1441195,0.149407,0.1427965,0.1479985,8683466,2329,0.1459021087,DOGEUSD
2022-02-15,FTXU,0.148016,0.1524915,0.1479405,0.149495,5853678,1504,0.1500578639,DOGEUSD
2022-02-16,FTXU,0.149538,0.150879,0.146353,0.147204,5210142,1312,0.1483349521,DOGEUSD
2022-02-17,FTXU,0.1470955,0.1499385,0.137031,0.14116,12810733,2647,0.1424344094,DOGEUSD
2022-02-18,FTXU,0.1410355,0.142998,0.136213,0.1412385,10869537,1568,0.1392786838,DOGEUSD
2022-02-19,FTXU,0.14146,0.1465605,0.1371985,0.1374505,12048430,1608,0.1418615181,DOGEUSD
2022-02-20,FTXU,0.137591,0.1404505,0.1350515,0.139973,4642569,1094,0.1372435069,DOGEUSD
2022-02-21,FTXU,0.139746,0.141808,0.1240565,0.1266515,12117501,3612,0.1343194342,DOGEUSD
2022-02-22,FTXU,0.126013,0.132,0.126013,0.1316135,6531754,1307,0.1296464243,DOGEUSD
2022-02-23,FTXU,0.1316225,0.135629,0.106877,0.1116635,10518400,2248,0.1272537353,DOGEUSD
2022-02-24,FTXU,0.1121355,0.126826,0.108916,0.1222315,11587169,2666,0.1184561263,DOGEUSD
2022-02-25,FTXU,0.1221785,0.1305495,0.120613,0.1271655,5143090,2148,0.1245021791,DOGEUSD
2022-02-26,FTXU,0.1274445,0.1291045,0.123955,0.124249,2056742,1493,0.1263918113,DOGEUSD
2022-02-27,FTXU,0.125152,0.1283105,0.1212125,0.123067,1764446,974,0.1242624427,DOGEUSD
2022-02-28,FTXU,0.1224395,0.134868,0.1215125,0.1322765,3854219,1613,0.1290264318,DOGEUSD
2022-03-01,FTXU,0.132272,0.139052,0.1299455,0.1340225,4062718,1721,0.133780586,DOGEUSD
2022-03-02,FTXU,0.1337695,0.137254,0.1307485,0.1322995,4054118,1017,0.1333534543,DOGEUSD
2022-03-03,FTXU,0.132103,0.133382,0.1249075,0.125224,2324649,604,0.1280941296,DOGEUSD
2022-03-04,FTXU,0.126173,0.128573,0.1203435,0.122645,5984806,1209,0.1255198843,DOGEUSD
