,open,high,low,close,volume,trade_count,vwap,symbol
2020-02-03,673.69,786.14,673.52,780.0,47316151,837249,737.432873,TSLA
2020-02-04,883.76,968.9899,833.88,887.06,61049460,1287721,904.70696,TSLA
2020-02-05,823.39,845.98,704.1106,734.7,48453586,1033190,764.153427,TSLA
2020-02-06,700.12,795.83,687.0,748.96,39881797,804002,748.46175,TSLA
2020-02-07,730.09,769.75,730.0,748.07,17132210,329931,746.772772,TSLA
2020-02-10,800.0,819.99,752.4,771.28,24715423,503954,779.287471,TSLA
2020-02-11,768.19,783.5061,758.0,774.38,11697523,235503,773.043083,TSLA
2020-02-12,777.87,789.75,763.37,767.29,12038070,233449,775.062721,TSLA
2020-02-13,741.84,818.0,735.0,804.0,26289354,498952,788.487337,TSLA
2020-02-14,787.7,812.97,785.5,800.03,15706911,282866,801.311117,TSLA
2020-02-18,842.22,860.0,832.36,858.4,16701060,335968,849.618582,TSLA
2020-02-19,923.0,944.78,901.02,917.42,25430664,511346,921.764078,TSLA
2020-02-20,911.95,912.0,859.94,899.41,17635067,357924,890.983704,TSLA
2020-02-21,906.05,913.06,880.45,901.0,14339859,265741,895.047697,TSLA
2020-02-24,838.59,863.5,822.2,833.79,15192274,340315,842.654705,TSLA
2020-02-25,849.0,856.6,787.0,799.91,17323981,376591,810.84729,TSLA
2020-02-26,782.45,813.31,776.11,778.8,14163418,299005,790.551641,TSLA
2020-02-27,730.21,739.77,669.0,679.0,24277903,499892,703.296575,TSLA
2020-02-28,625.81,690.52,611.52,667.99,24571473,479340,646.655592,TSLA
2020-03-02,711.53,743.69,686.67,743.62,20204181,400095,716.360167,TSLA
2020-03-03,805.45,806.98,716.1106,745.51,25794609,523092,765.010857,TSLA
2020-03-04,763.8,766.52,724.7345,749.5,15049036,291779,745.389315,TSLA
2020-03-05,723.77,745.75,718.07,724.54,10854217,212442,730.318222,TSLA
2020-03-06,692.0,707.0,684.27,703.48,12663318,259528,695.191406,TSLA
2020-03-09,607.56,662.998,605.0,608.0,17103201,341263,627.365838,TSLA
2020-03-10,659.18,668.0,608.0,645.33,15594488,302024,638.495306,TSLA
2020-03-11,640.01,653.58,613.0,634.23,13458045,246543,634.332412,TSLA
2020-03-12,580.5,594.5,546.25,560.55,18922114,371895,564.484189,TSLA
2020-03-13,595.0,607.57,502.0,546.62,22641801,426667,540.612223,TSLA
2020-03-16,468.5,494.8699,442.17,445.07,20501540,381029,465.187843,TSLA
2020-03-17,440.01,471.85,396.0,430.2,24042296,431553,429.508659,TSLA
2020-03-18,390.0,404.86,350.51,361.22,23789229,434985,375.133749,TSLA
2020-03-19,374.01,452.0,358.46,427.64,30218080,543185,413.710651,TSLA
2020-03-20,438.73,477.0,425.79,427.53,28292502,485124,444.818701,TSLA
2020-03-23,432.41,441.9999,410.5,434.29,16494149,284108,427.594637,TSLA
2020-03-24,477.5,513.69,474.0,505.0,22932710,439501,497.107854,TSLA
2020-03-25,545.99,557.0,511.11,539.25,21222815,430948,539.29457,TSLA
2020-03-26,549.75,560.0,512.25,528.16,17427963,357346,533.111336,TSLA
2020-03-27,504.28,525.8,494.03,514.36,14382139,275573,508.022033,TSLA
2020-03-30,510.26,516.6471,491.23,502.13,11998474,224808,504.677607,TSLA
2020-03-31,501.25,542.96,497.0,524.0,17836295,293522,525.759246,TSLA
2020-04-01,504.0,513.9548,475.1,481.56,13357018,270899,494.5598,TSLA
2020-04-02,481.28,494.2599,446.4,454.47,19858727,378133,477.096251,TSLA
2020-04-03,509.77,515.49,468.3901,480.01,22562279,391080,488.731867,TSLA
2020-04-06,511.49,521.0,497.96,516.24,14951936,275891,510.02116,TSLA
2020-04-07,545.0,565.0,532.34,545.45,17919978,344486,548.924975,TSLA
2020-04-08,553.5,557.2081,533.33,548.84,12656024,231565,546.458558,TSLA
2020-04-09,562.27,575.1818,557.11,573.0,13650000,261485,568.176296,TSLA
2020-04-13,591.03,652.0,580.53,650.95,22475444,441170,620.923776,TSLA
2020-04-14,698.65,741.88,692.43,709.89,30576667,655146,722.452684,TSLA
2020-04-15,741.49,753.13,710.0,729.83,23659403,477432,732.954655,TSLA
2020-04-16,716.41,759.45,706.715,745.21,20657864,406968,737.487077,TSLA
2020-04-17,772.92,774.95,747.66,753.89,13128243,275594,759.136647,TSLA
2020-04-20,732.7,765.57,712.21,746.36,14752777,288932,748.115609,TSLA
2020-04-21,729.2,753.33,673.79,686.72,20221693,453969,708.33109,TSLA
2020-04-22,702.03,734.0,688.71,732.11,14224832,283998,710.014164,TSLA
2020-04-23,727.05,734.0,703.13,705.63,13236698,253703,720.578801,TSLA
2020-04-24,710.81,730.73,698.18,725.15,13237637,235390,714.878647,TSLA
2020-04-27,737.61,799.49,735.0,798.75,20681442,433976,783.972936,TSLA
2020-04-28,795.3,805.0,756.69,769.12,15222719,313311,776.861887,TSLA
2020-04-29,791.68,803.1999,783.16,800.51,16223632,369255,806.504911,TSLA
2020-04-30,855.0,869.82,763.5,781.88,28477961,615142,814.171635,TSLA
2020-05-01,755.0,772.77,683.04,701.32,32544885,728694,719.397692,TSLA
2020-05-04,701.02,762.0,698.0,761.19,19237103,398098,737.474273,TSLA
2020-05-05,789.95,798.92,762.18,768.21,16991656,334419,778.592132,TSLA
2020-05-06,776.5,789.8,761.11,782.58,11123240,224303,777.491459,TSLA
2020-05-07,777.01,796.4,772.35,780.04,11527736,225776,782.982572,TSLA
2020-05-08,793.96,824.0,787.01,819.42,16152669,337095,813.739506,TSLA
2020-05-11,790.51,824.0,785.0,811.29,16520136,310651,808.160051,TSLA
2020-05-12,827.0,843.29,808.0,809.41,15906905,309849,828.84902,TSLA
2020-05-13,819.82,826.0,763.3,790.96,19065491,382711,793.800775,TSLA
2020-05-14,778.53,803.36,764.0,803.33,13682188,293001,784.535282,TSLA
2020-05-15,790.8,805.0486,786.552,799.17,10521597,196867,797.818308,TSLA
2020-05-18,827.0,834.7201,803.88,813.63,11698114,240671,816.907267,TSLA
2020-05-19,815.17,822.07,806.08,808.01,9637522,189327,814.479853,TSLA
2020-05-20,820.0,826.0,811.8,815.56,7309273,155017,817.491865,TSLA
2020-05-21,816.0,832.5,796.0,827.6,12255188,240571,814.928926,TSLA
2020-05-22,823.29,831.78,812.0,816.88,9987475,191846,822.139315,TSLA
2020-05-26,834.5,834.6,815.705,818.87,8216486,171504,822.407954,TSLA
2020-05-27,820.08,827.71,785.0,820.23,11558468,263661,807.980524,TSLA
2020-05-28,813.63,824.75,801.69,805.81,7275819,156554,814.820594,TSLA
2020-05-29,808.57,835.0,804.21,835.0,11813068,222329,820.481729,TSLA
2020-06-01,858.8,899.0,854.1,898.1,15086239,350787,879.6919,TSLA
2020-06-02,895.0,908.66,871.0,881.56,13565696,287106,889.545797,TSLA
2020-06-03,888.12,897.94,880.1,882.96,7949469,171315,888.133767,TSLA
2020-06-04,889.99,895.75,858.44,864.38,8890713,199340,879.08662,TSLA
2020-06-05,878.98,886.52,866.2,885.66,7811978,169738,877.623856,TSLA
2020-06-08,918.08,950.0,909.16,949.92,14174727,311689,929.84681,TSLA
2020-06-09,940.01,954.4399,923.931,940.67,11389453,245350,942.13927,TSLA
2020-06-10,991.47,1027.48,982.5,1025.05,18563548,442842,1005.909591,TSLA
2020-06-11,989.99,1018.9599,972.0,972.84,15934620,392146,991.298202,TSLA
2020-06-12,980.0,987.98,912.6,935.28,16763374,420079,946.184326,TSLA
2020-06-15,917.42,998.84,908.5,990.9,15697433,345609,960.523215,TSLA
2020-06-16,1011.85,1012.88,962.39,982.13,14051116,301759,987.656002,TSLA
2020-06-17,987.72,1005.0,982.571,991.79,9890800,195009,993.729186,TSLA
2020-06-18,1003.26,1019.2,994.4708,1003.96,9755748,206861,1004.316033,TSLA
2020-06-19,1012.78,1015.9699,991.34,1000.9,8679749,187488,1002.169937,TSLA
2020-06-22,999.95,1008.88,990.02,994.32,6362350,140254,998.29475,TSLA
2020-06-23,998.52,1012.0,994.0101,1001.78,6365271,137744,1003.133162,TSLA
2020-06-24,994.11,1000.8846,953.1414,960.85,10959593,277344,970.279919,TSLA
2020-06-25,954.2,985.98,937.15,985.98,9262550,209003,964.547608,TSLA
2020-06-26,994.55,995.0,954.87,959.74,8854958,184299,969.980458,TSLA
2020-06-29,968.14,1010.0,948.5201,1009.35,9027408,227702,985.531243,TSLA
2020-06-30,1006.5,1087.69,1003.73,1079.81,16918501,373179,1062.238785,TSLA
2020-07-01,1083.5,1135.33,1080.5,1119.63,13326897,331230,1117.340944,TSLA
2020-07-02,1221.48,1228.0,1185.6,1208.66,17250127,443897,1207.348673,TSLA
2020-07-06,1276.69,1377.79,1266.044,1371.58,20570284,595344,1323.913104,TSLA
2020-07-07,1405.0,1429.5,1336.71,1389.86,21493299,695483,1390.279311,TSLA
2020-07-08,1405.64,1417.26,1311.34,1365.88,16319833,483790,1375.58145,TSLA
2020-07-09,1396.5,1408.56,1351.28,1394.28,11717710,350517,1382.485199,TSLA
2020-07-10,1395.78,1548.915,1376.0101,1544.65,23346353,652284,1469.905554,TSLA
2020-07-13,1659.0,1794.99,1471.1101,1497.06,38996185,1412139,1662.907002,TSLA
2020-07-14,1556.0,1590.0,1431.0,1516.8,23429302,796677,1519.568254,TSLA
2020-07-15,1542.54,1550.0,1457.0,1546.01,16368689,542591,1505.83877,TSLA
2020-07-16,1477.16,1531.71,1466.0,1500.64,14300795,432804,1498.077114,TSLA
2020-07-17,1513.45,1537.51,1490.0,1500.84,9332637,280673,1507.736306,TSLA
2020-07-20,1519.49,1650.0,1488.0,1643.0,17140645,583950,1579.177661,TSLA
2020-07-21,1639.98,1675.0,1558.0,1568.36,16193302,567214,1612.407463,TSLA
2020-07-22,1601.66,1626.42,1562.0,1592.33,14161512,559794,1606.307555,TSLA
2020-07-23,1678.9,1689.0,1480.77,1513.07,24328697,872881,1567.652335,TSLA
2020-07-24,1416.01,1465.0,1366.5401,1417.0,19397409,660311,1422.907718,TSLA
2020-07-27,1434.54,1547.94,1413.0003,1539.6,16048671,497219,1478.906252,TSLA
2020-07-28,1500.0,1564.7,1474.42,1476.49,15808711,464088,1515.627757,TSLA
2020-07-29,1501.0,1534.81,1487.0,1499.11,9426893,287326,1510.365008,TSLA
2020-07-30,1488.0,1513.24,1471.0,1487.49,7621111,241686,1492.525917,TSLA
2020-07-31,1516.02,1517.05,1420.98,1430.76,12247338,405814,1455.645016,TSLA
2020-08-03,1450.21,1509.8101,1444.3844,1485.0,8809359,298393,1484.919242,TSLA
2020-08-04,1496.02,1527.41,1462.0,1487.0,8410015,259290,1488.33885,TSLA
2020-08-05,1493.01,1499.8384,1468.31,1485.02,4978015,178469,1484.955367,TSLA
2020-08-06,1490.83,1517.31,1477.26,1489.58,5992313,203242,1493.995022,TSLA
2020-08-07,1499.75,1499.75,1415.01,1452.71,8897817,337755,1452.516315,TSLA
2020-08-10,1445.25,1457.5,1385.84,1418.57,7522264,301165,1419.630988,TSLA
2020-08-11,1397.85,1420.0,1365.0,1374.39,8625840,359160,1403.98578,TSLA
2020-08-12,1469.98,1585.0,1435.0,1554.76,21899106,805729,1517.192307,TSLA
2020-08-13,1613.73,1651.18,1567.26,1621.0,20426710,710149,1620.107048,TSLA
2020-08-14,1664.99,1668.8,1626.64,1650.71,12577786,440108,1647.8873,TSLA
2020-08-17,1677.86,1845.86,1672.83,1835.64,20242597,759258,1776.834207,TSLA
2020-08-18,1900.0,1923.9,1845.11,1887.09,16481492,657450,1891.500607,TSLA
2020-08-19,1865.0,1911.0,1841.21,1878.53,12205473,485987,1885.762943,TSLA
2020-08-20,1859.99,2021.99,1857.06,2001.83,20611934,776244,1970.808055,TSLA
2020-08-21,2044.8,2095.49,2025.05,2049.98,21489743,805903,2064.70441,TSLA
2020-08-24,2128.1,2129.0,1927.52,2014.2,20073326,853714,2025.345351,TSLA
2020-08-25,1974.89,2027.95,1968.0,2023.34,10658909,431470,1998.821055,TSLA
2020-08-26,2060.0,2166.0,2053.6291,2153.17,14239384,579503,2121.705807,TSLA
2020-08-27,2181.99,2295.6,2142.5,2238.75,23693083,919218,2224.860379,TSLA
2020-08-28,2297.67,2318.49,2186.52,2213.4,20146652,870344,2250.325986,TSLA
2020-08-31,444.89,500.14,440.11,498.32,118424529,2811226,478.525317,TSLA
2020-09-01,502.29,502.49,470.51,475.05,90270040,2184963,486.601964,TSLA
2020-09-02,479.0,479.04,405.1206,447.37,96583753,2204982,443.161822,TSLA
2020-09-03,407.12,431.8,402.0,407.0,87635747,1836031,412.393324,TSLA
2020-09-04,402.7,428.0,372.0201,418.32,110323962,2140716,402.309429,TSLA
2020-09-08,355.5,368.74,329.88,330.21,115477579,2271277,348.010563,TSLA
2020-09-09,356.99,369.0,341.51,366.28,79473343,1435186,355.531973,TSLA
2020-09-10,387.44,398.99,360.56,371.34,84931238,1411329,381.977377,TSLA
2020-09-11,381.9,382.5,360.5,372.72,60717493,904938,370.274151,TSLA
2020-09-14,381.21,420.0,373.3,419.62,83021062,1327704,401.179196,TSLA
2020-09-15,436.95,461.94,430.7,449.76,97298511,1624947,445.450772,TSLA
2020-09-16,439.74,457.79,435.31,441.76,72554963,1111986,446.735062,TSLA
2020-09-17,416.15,437.79,408.0001,423.43,76779427,1187825,425.275124,TSLA
2020-09-18,448.74,451.0,428.8,442.15,86407031,1244892,441.891942,TSLA
2020-09-21,453.21,455.68,407.07,449.39,109477152,1798886,439.660191,TSLA
2020-09-22,429.27,437.76,417.6001,424.23,79580811,1406582,426.150014,TSLA
2020-09-23,405.43,412.15,375.8801,380.36,95373118,1813293,391.641287,TSLA
2020-09-24,363.8,399.5,351.3,387.79,96561061,1444240,383.353318,TSLA
2020-09-25,393.31,408.7323,391.3,407.34,67208600,1013853,402.609817,TSLA
2020-09-28,424.79,428.08,415.55,421.2,49719963,861906,420.606445,TSLA
2020-09-29,416.0,428.5,411.6,419.07,50341531,832459,420.756253,TSLA
2020-09-30,420.9,433.93,420.47,429.01,48149710,805610,428.874962,TSLA
2020-10-01,440.9,448.88,434.42,448.16,50741875,871459,442.266381,TSLA
2020-10-02,421.42,439.13,415.0,415.09,71430276,1312394,426.051449,TSLA
2020-10-05,423.11,433.64,419.33,425.68,44722809,760365,425.45254,TSLA
2020-10-06,423.72,428.7799,406.05,413.98,49146554,868261,417.969584,TSLA
2020-10-07,420.0,429.9,413.845,425.3,43127759,697609,423.236223,TSLA
2020-10-08,438.57,439.0,425.3,425.92,40421127,653968,432.30527,TSLA
2020-10-09,430.13,434.5899,426.4601,434.0,29234319,480868,431.906425,TSLA
2020-10-12,442.0,448.74,438.58,442.3,38793366,682641,443.214834,TSLA
2020-10-13,443.54,448.89,436.6,446.65,34527765,602363,444.529095,TSLA
2020-10-14,449.94,465.9,447.35,461.3,48045473,839946,459.525721,TSLA
2020-10-15,450.93,456.57,442.5,448.88,35672354,644704,448.748851,TSLA
2020-10-16,454.2,455.9499,438.85,439.67,32775881,576323,447.798285,TSLA
2020-10-19,446.24,447.0,428.87,430.83,36287843,635260,437.962909,TSLA
2020-10-20,431.75,431.75,419.0501,421.94,31656385,649250,424.021309,TSLA
2020-10-21,422.57,432.95,421.25,422.64,32373590,635630,428.284049,TSLA
2020-10-22,442.02,445.23,424.51,425.79,40003604,696433,432.020311,TSLA
2020-10-23,421.32,422.8859,407.3801,420.63,33718180,716937,414.838319,TSLA
2020-10-26,410.94,425.76,410.0,420.28,28268522,531458,417.328108,TSLA
2020-10-27,423.76,430.5,420.1,424.68,22686536,405455,424.848364,TSLA
2020-10-28,416.76,418.6,406.0,406.02,25451834,600778,410.954845,TSLA
2020-10-29,409.92,418.06,406.46,410.83,22655452,458828,412.245714,TSLA
2020-10-30,406.82,407.5915,379.11,388.04,42587646,997521,389.58018,TSLA
2020-11-02,394.17,406.9799,392.3,400.51,29049202,512521,398.608822,TSLA
2020-11-03,410.0,427.77,406.69,423.9,34355396,607996,420.634951,TSLA
2020-11-04,430.68,435.4,417.1,420.98,32147057,574861,423.728738,TSLA
2020-11-05,428.42,440.0,424.0001,438.09,28414638,526076,433.340299,TSLA
2020-11-06,436.13,436.57,424.28,429.95,21706979,390726,429.614043,TSLA
2020-11-09,440.0,452.5,421.0,421.26,34856935,673356,437.797837,TSLA
2020-11-10,420.0,420.09,396.0301,410.36,30284225,670830,408.172446,TSLA
2020-11-11,416.54,418.695,410.58,417.13,17357922,335036,415.497001,TSLA
2020-11-12,415.22,423.0,409.52,411.76,19940976,395243,415.415825,TSLA
2020-11-13,410.96,412.5319,401.66,408.5,19830514,500953,406.144655,TSLA
2020-11-16,408.75,412.45,404.0868,408.09,26838710,582445,421.996526,TSLA
2020-11-17,460.26,462.0,433.01,441.61,61253328,1216429,447.311462,TSLA
2020-11-18,448.35,496.0,443.5001,486.64,78055533,1470206,475.375957,TSLA
2020-11-19,491.97,508.6112,487.57,499.27,62806684,1129603,499.798853,TSLA
2020-11-20,497.89,502.5,489.06,489.61,32928177,645713,494.355724,TSLA
2020-11-23,503.51,526.0,501.79,521.85,50644659,906056,519.05807,TSLA
2020-11-24,540.57,559.99,526.2,555.38,53642060,1051193,546.63547,TSLA
2020-11-25,550.16,574.0,545.37,574.0,49006809,924437,562.020516,TSLA
2020-11-27,581.84,598.78,578.45,585.76,37561154,783385,590.364296,TSLA
2020-11-30,602.45,607.8,554.51,567.6,63009218,1282811,581.639321,TSLA
2020-12-01,597.85,597.85,572.05,584.76,40383124,793966,583.728189,TSLA
2020-12-02,556.14,571.54,541.21,568.82,47776283,1016400,562.03695,TSLA
2020-12-03,590.88,598.97,582.43,593.38,42552535,843517,591.672944,TSLA
2020-12-04,591.31,599.04,585.5,599.04,29401551,593413,593.618946,TSLA
2020-12-07,605.0,648.7856,603.05,641.76,56311730,1092397,630.818378,TSLA
2020-12-08,625.0,651.28,618.5,649.88,64268769,1202214,636.306645,TSLA
2020-12-09,653.61,654.32,588.0,604.48,71291432,1678949,620.601176,TSLA
2020-12-10,573.85,627.75,566.34,627.07,67084325,1343747,607.812431,TSLA
2020-12-11,614.87,624.0,596.8,609.99,46889974,882491,610.510682,TSLA
2020-12-14,618.28,642.7499,610.2001,639.83,52040701,934550,632.872695,TSLA
2020-12-15,643.15,646.9,623.8,633.25,45224283,809050,636.03676,TSLA
2020-12-16,628.03,632.5,605.0,622.77,42133861,797209,619.915321,TSLA
2020-12-17,628.59,658.82,619.5,655.9,56275864,1032523,642.423046,TSLA
2020-12-18,670.0,695.0,628.54,695.0,234609204,2089725,680.663287,TSLA
2020-12-21,665.95,668.5,646.07,649.86,58063248,1226736,658.902792,TSLA
2020-12-22,647.31,649.88,614.23,640.34,51891142,1150498,631.687679,TSLA
2020-12-23,632.42,651.4999,622.5701,645.98,33172997,643939,642.156858,TSLA
2020-12-24,643.01,666.09,641.0,661.77,22865568,465757,658.508022,TSLA
2020-12-28,674.68,681.4,660.8,663.69,32278861,627137,669.639927,TSLA
2020-12-29,660.86,669.9,655.0,665.99,22910816,465753,662.650078,TSLA
2020-12-30,672.08,696.6,668.3603,694.78,42846121,767894,684.169655,TSLA
2020-12-31,700.0,718.72,691.12,705.67,49650155,915322,707.559345,TSLA
2021-01-04,720.0,744.4899,717.1895,729.77,48671409,952188,731.118131,TSLA
2021-01-05,723.92,740.84,719.2,735.11,32155175,681717,734.044099,TSLA
2021-01-06,758.0,774.0,749.1,755.98,44703325,962707,762.269623,TSLA
2021-01-07,778.25,816.99,775.2,816.04,51499107,1164688,800.593716,TSLA
2021-01-08,856.38,884.49,838.39,880.02,75060528,1799650,866.478925,TSLA
2021-01-11,849.74,854.43,803.6222,811.19,59554860,1652650,832.171551,TSLA
2021-01-12,830.85,868.0,827.34,849.44,46272779,1006728,853.46795,TSLA
2021-01-13,852.66,860.47,832.0,854.41,33312809,776376,846.513598,TSLA
2021-01-14,843.18,863.0,838.75,845.0,31266619,695478,851.464501,TSLA
2021-01-15,850.99,859.9,819.1,826.16,38777628,909533,838.300628,TSLA
2021-01-19,837.74,850.0,833.0,844.55,25367058,611584,840.724299,TSLA
2021-01-20,858.71,859.5,837.28,850.45,25665883,627381,849.587955,TSLA
2021-01-21,855.0,855.7199,841.4201,844.99,20613266,486213,847.115338,TSLA
2021-01-22,834.63,848.0,828.62,846.64,20066513,552890,838.590777,TSLA
2021-01-25,855.33,900.4,838.8201,880.8,41148716,971903,873.339802,TSLA
2021-01-26,891.68,895.9,871.6,883.09,23239818,607305,885.846197,TSLA
2021-01-27,870.35,891.5,858.66,864.16,27333955,896055,868.936011,TSLA
2021-01-28,819.45,848.0,801.0,835.43,26383788,935864,831.341042,TSLA
2021-01-29,827.77,842.41,780.1,793.53,35029668,1315024,805.060316,TSLA
2021-02-01,813.43,842.0,795.5601,839.81,25419892,817448,823.420381,TSLA
2021-02-02,845.61,880.5,842.2006,872.79,24347313,712170,869.841359,TSLA
2021-02-03,877.64,878.08,853.0646,854.69,18343510,565774,861.138473,TSLA
2021-02-04,855.0,856.5,833.42,849.99,15812762,488969,844.533129,TSLA
2021-02-05,845.42,864.77,838.97,852.23,18566637,503361,852.551977,TSLA
2021-02-08,870.0,877.77,854.75,863.42,20162538,577775,865.600914,TSLA
2021-02-09,855.7,859.8,841.75,849.46,15157682,537355,849.223905,TSLA
2021-02-10,843.64,844.82,800.02,804.82,36216149,1269213,814.745419,TSLA
2021-02-11,812.34,829.8799,801.725,811.66,21623053,634541,813.720906,TSLA
2021-02-12,801.46,817.33,785.3306,816.12,23768393,822151,800.968856,TSLA
2021-02-16,818.01,821.0,792.44,796.22,19802602,703338,803.631013,TSLA
2021-02-17,778.17,799.84,762.01,798.15,26080058,925853,781.230234,TSLA
2021-02-18,780.9,794.69,776.27,787.38,17960528,563102,786.468944,TSLA
2021-02-19,794.69,796.7899,777.37,781.3,18968255,618580,785.726796,TSLA
2021-02-22,760.88,768.5,710.2,714.5,37270058,1355574,738.855442,TSLA
2021-02-23,661.5,713.6099,619.0,698.84,66706494,2040541,675.480629,TSLA
2021-02-24,711.6,745.0,694.17,742.02,36766966,1004866,722.024299,TSLA
2021-02-25,725.11,737.2066,670.58,682.22,39025072,1292757,701.699745,TSLA
2021-02-26,699.86,706.7,659.51,675.5,41490883,1141069,680.523594,TSLA
2021-03-01,690.11,872.0,685.05,718.43,27236343,820205,706.908037,TSLA
2021-03-02,718.23,721.11,685.0,686.44,23732185,842211,702.218577,TSLA
2021-03-03,687.94,700.7,651.705,653.2,30208266,1046912,675.609582,TSLA
2021-03-04,653.71,873.94,600.0,621.44,65994582,2044218,625.914625,TSLA
2021-03-05,625.61,627.8419,539.49,597.95,89398527,2557912,583.754583,TSLA
2021-03-08,600.49,620.125,558.79,563.0,51787320,1582497,586.799145,TSLA
2021-03-09,608.59,678.09,595.21,673.58,67526655,1857658,645.298549,TSLA
2021-03-10,700.52,717.85,655.06,668.06,60611777,1645356,683.770427,TSLA
2021-03-11,699.72,702.5,677.18,699.6,36253903,1025554,692.437207,TSLA
2021-03-12,668.67,694.88,666.1394,693.73,33615551,1009442,683.434879,TSLA
2021-03-15,694.0,713.18,684.04,707.94,29424572,874727,702.192371,TSLA
2021-03-16,703.42,707.92,671.0,676.88,32195678,930902,691.485896,TSLA
2021-03-17,655.81,703.73,651.01,701.81,40372475,1015368,679.778933,TSLA
2021-03-18,684.64,689.23,652.0,653.16,33381190,1017966,671.756297,TSLA
2021-03-19,647.6,657.23,624.6201,654.87,42923181,1057845,645.638345,TSLA
2021-03-22,684.98,699.62,668.75,670.0,39672224,1058261,686.090552,TSLA
2021-03-23,675.73,677.8,657.51,662.16,30491873,787148,667.877651,TSLA
2021-03-24,668.02,668.02,630.11,630.27,33795293,919140,650.213142,TSLA
2021-03-25,612.06,645.5,609.5,640.39,39227556,958382,629.848983,TSLA
2021-03-26,642.54,643.82,599.89,618.71,33859502,1107683,618.965789,TSLA
2021-03-29,615.75,616.48,596.02,611.29,28753042,941331,606.917087,TSLA
2021-03-30,602.2,637.66,591.01,635.62,39432359,890515,617.836714,TSLA
2021-03-31,646.95,672.0,641.11,667.93,33337386,814053,659.534667,TSLA
2021-04-01,688.67,692.4203,659.42,661.75,35288293,874248,675.897082,TSLA
2021-04-05,708.0,708.16,684.7,691.05,41851500,1056122,697.25735,TSLA
2021-04-06,690.54,696.55,681.37,691.62,28259344,658438,690.336493,TSLA
2021-04-07,686.99,691.38,667.84,670.97,26164665,589423,680.371564,TSLA
2021-04-08,677.88,689.5499,671.645,683.8,23908259,565500,682.666495,TSLA
2021-04-09,677.88,680.97,669.43,677.02,21409521,609310,675.356951,TSLA
2021-04-12,685.39,704.8,682.09,701.1,28514922,765973,698.033078,TSLA
2021-04-13,713.24,763.0,710.83,762.35,43243779,1143851,742.138317,TSLA
2021-04-14,770.56,780.79,728.03,732.73,48380943,1251817,755.284281,TSLA
2021-04-15,743.51,743.69,721.31,738.7,27386795,721771,732.513418,TSLA
2021-04-16,730.2,749.41,724.6,739.395,27305717,727007,736.593191,TSLA
2021-04-19,718.0,725.4,691.8001,714.98,39309333,1001404,708.741548,TSLA
2021-04-20,717.39,737.25,710.685,718.79,34937852,820998,722.209279,TSLA
2021-04-21,704.4,744.84,698.0,743.91,30450439,748605,724.076159,TSLA
2021-04-22,741.37,753.77,718.04,719.69,35564031,860264,734.842109,TSLA
2021-04-23,720.97,737.36,715.46,729.4,29217524,628819,728.878656,TSLA
2021-04-26,740.75,749.3,732.6053,738.2,31026791,877522,736.704552,TSLA
2021-04-27,717.17,724.0,703.3501,704.74,29367169,905340,711.073255,TSLA
2021-04-28,696.41,708.5,693.6,694.4,22039562,690943,699.069447,TSLA
2021-04-29,700.0,702.25,668.5002,677.0,28724535,895420,681.173386,TSLA
2021-04-30,667.77,715.47,666.14,709.44,40715302,1012830,698.75148,TSLA
2021-05-03,703.55,706.0,680.5,684.9,27025002,760534,690.163298,TSLA
2021-05-04,678.5,683.4464,657.701,673.6,29625227,869011,667.47296,TSLA
2021-05-05,681.96,685.2955,667.34,670.94,21878884,564174,674.587961,TSLA
2021-05-06,681.02,681.02,650.0,663.7,27198625,713533,663.09912,TSLA
2021-05-07,665.66,690.0,660.22,672.37,23461071,582218,672.187364,TSLA
2021-05-10,664.8,665.05,627.6101,629.04,31336228,938436,642.189401,TSLA
2021-05-11,599.72,627.0999,595.6,617.2,46433614,1219138,611.752405,TSLA
2021-05-12,602.0,620.41,586.765,589.8903,33206440,980851,601.76191,TSLA
2021-05-13,601.87,606.4599,559.65,571.4,43732749,1287824,579.812626,TSLA
2021-05-14,583.72,592.87,570.46,589.72,32935912,881742,583.383283,TSLA
2021-05-17,575.34,589.73,561.2,576.83,32391095,836608,574.168108,TSLA
2021-05-18,568.48,596.25,563.38,577.87,36831351,829994,582.089305,TSLA
2021-05-19,551.58,566.21,546.98,563.46,39563564,1018731,556.832639,TSLA
2021-05-20,575.0,588.85,571.07,586.78,30821524,663607,580.210019,TSLA
2021-05-21,596.68,596.68,580.0,580.88,26230684,588056,587.435609,TSLA
2021-05-24,581.63,614.48,573.65,606.44,34570666,728785,599.532123,TSLA
2021-05-25,607.31,613.99,595.71,604.69,28005975,620964,602.994592,TSLA
2021-05-26,607.83,626.17,601.5,619.13,28640592,650727,616.945208,TSLA
2021-05-27,620.17,631.13,616.21,630.85,26413339,592404,623.328523,TSLA
2021-05-28,628.5,635.59,622.38,625.22,22736938,541700,628.798132,TSLA
2021-06-01,627.66,633.8,620.55,623.9,18084990,445658,626.333161,TSLA
2021-06-02,620.33,623.36,599.14,605.12,23302828,681174,607.540467,TSLA
2021-06-03,601.71,604.55,571.22,572.84,30109193,880515,588.348872,TSLA
2021-06-04,580.0,600.61,577.2,599.05,24091196,564362,593.686594,TSLA
2021-06-07,591.6,610.0,582.88,605.13,22543817,605297,592.903969,TSLA
2021-06-08,622.89,623.09,595.5,603.59,26070618,584211,606.564722,TSLA
2021-06-09,602.37,611.79,597.6301,598.78,16584567,384583,603.112389,TSLA
2021-06-10,604.0,616.59,600.5,610.12,23901630,506944,610.590047,TSLA
2021-06-11,610.12,612.56,601.52,609.89,16187148,378939,607.454767,TSLA
2021-06-14,612.23,625.49,609.18,617.69,20414295,460592,617.967431,TSLA
2021-06-15,616.74,616.79,598.23,599.36,17754263,438380,605.634884,TSLA
2021-06-16,597.45,608.5,593.5,604.87,22114162,475920,601.111705,TSLA
2021-06-17,601.55,621.47,601.34,616.6,22650108,502641,614.835473,TSLA
2021-06-18,613.52,628.35,611.8,623.31,24568178,500910,620.446866,TSLA
2021-06-21,624.12,631.39,608.88,620.83,24785127,490051,620.894102,TSLA
2021-06-22,618.74,628.5693,615.5,623.71,19144067,376082,622.988907,TSLA
2021-06-23,632.0,657.204,630.04,656.57,31076713,675347,650.419425,TSLA
2021-06-24,675.21,697.62,667.61,679.82,45964276,979036,684.478434,TSLA
2021-06-25,689.58,693.81,668.7,671.87,32469263,606254,678.7906,TSLA
2021-06-28,671.64,694.6999,670.32,688.72,21619848,476199,686.515999,TSLA
2021-06-29,685.12,687.5099,675.89,680.76,17384914,392477,680.659149,TSLA
2021-06-30,680.0,692.81,678.14,679.7,18899374,424103,685.011178,TSLA
2021-07-01,683.8,687.99,672.8,677.92,18608916,400840,679.129703,TSLA
2021-07-02,678.98,700.0,673.26,678.9,27114027,557863,683.739232,TSLA
2021-07-06,681.75,684.0,651.4002,659.58,23280113,608898,661.655815,TSLA
2021-07-07,664.41,665.7,638.32,644.65,18779588,434177,647.737467,TSLA
2021-07-08,628.0,654.43,620.46,652.81,22754315,474249,640.591604,TSLA
2021-07-09,653.28,658.91,644.69,656.95,18124930,365107,653.642953,TSLA
2021-07-12,662.36,687.24,662.161,685.7,25921423,541463,680.189536,TSLA
2021-07-13,686.49,693.28,666.2958,668.54,20944825,436541,677.45453,TSLA
2021-07-14,670.9,678.6099,652.84,653.38,21618015,431858,665.671521,TSLA
2021-07-15,658.37,666.14,637.88,650.6,20188731,431049,652.092656,TSLA
2021-07-16,653.4,656.6999,642.2,644.22,16349545,333893,646.838409,TSLA
2021-07-19,629.73,647.1999,621.29,646.22,21237473,480299,636.182512,TSLA
2021-07-20,652.16,662.3916,640.501,660.5,15455447,339782,650.708928,TSLA
2021-07-21,659.61,664.8599,650.2901,655.29,13969874,320011,657.305699,TSLA
2021-07-22,656.11,662.17,644.6001,649.26,15098196,321863,652.253953,TSLA
2021-07-23,646.25,648.8,637.3001,643.38,14595605,344204,642.700176,TSLA
2021-07-26,650.13,668.1999,647.11,657.62,25329116,548082,659.489741,TSLA
2021-07-27,663.38,666.5,627.24,644.78,32808014,739551,642.440096,TSLA
2021-07-28,646.62,654.9699,639.4001,646.98,15989893,364135,647.077677,TSLA
2021-07-29,649.36,683.69,648.8,677.35,30381771,636661,673.129523,TSLA
2021-07-30,672.0,697.53,669.0,687.2,29636544,640594,686.950413,TSLA
2021-08-02,700.0,726.94,698.4,709.67,33597842,817244,716.01172,TSLA
2021-08-03,719.0,722.65,701.01,709.74,21596607,497878,710.3898,TSLA
2021-08-04,711.0,724.9,708.93,710.92,16988152,408762,714.339009,TSLA
2021-08-05,716.0,720.9499,711.41,714.63,12916096,324792,715.905145,TSLA
2021-08-06,711.9,716.33,697.63,699.1,15626310,410726,703.712032,TSLA
2021-08-09,710.19,719.03,705.13,713.76,14707359,339788,714.01805,TSLA
2021-08-10,713.23,716.59,701.88,709.99,13426351,320977,709.101867,TSLA
2021-08-11,712.71,715.18,704.21,707.82,9792668,256201,708.533767,TSLA
2021-08-12,705.66,722.8,699.4,722.25,17699000,398893,714.337533,TSLA
2021-08-13,723.86,729.9,714.34,717.17,16727853,360872,720.254838,TSLA
2021-08-16,706.0,709.5,676.4,686.17,23087999,624688,687.409672,TSLA
2021-08-17,672.59,674.58,648.84,665.71,23708898,619728,661.522171,TSLA
2021-08-18,670.17,695.77,669.35,688.99,20330218,485034,687.231481,TSLA
2021-08-19,678.21,686.55,667.59,673.47,14295797,343979,676.695089,TSLA
2021-08-20,682.85,692.1299,673.7,680.26,14944925,335152,680.062514,TSLA
2021-08-23,685.0,712.1299,680.7505,706.3,20257206,461064,703.086492,TSLA
2021-08-24,710.66,715.22,702.64,708.49,13082432,309462,708.22444,TSLA
2021-08-25,706.73,716.97,704.0,711.2,12643343,292629,711.752407,TSLA
2021-08-26,708.4,715.4,697.6201,701.16,13199113,320793,705.546294,TSLA
2021-08-27,705.41,715.0,702.1001,711.92,13820033,318079,710.593659,TSLA
2021-08-30,714.51,731.0,712.73,730.91,18621884,468531,725.158195,TSLA
2021-08-31,733.0,740.39,726.44,735.72,20817561,421184,734.681557,TSLA
2021-09-01,734.0,741.99,731.2701,734.09,13211735,322313,736.580018,TSLA
2021-09-02,734.88,740.97,730.54,732.39,12790674,310187,735.433373,TSLA
2021-09-03,732.14,734.0,724.2,733.57,15268795,356869,729.368987,TSLA
2021-09-07,740.0,760.2,739.26,752.92,20036814,499392,752.705285,TSLA
2021-09-08,761.43,764.45,740.7733,753.87,18696085,447048,752.566551,TSLA
2021-09-09,753.41,762.1,751.6301,754.86,14074408,331890,756.803151,TSLA
2021-09-10,759.56,762.61,734.5201,736.27,15180363,380795,749.703808,TSLA
2021-09-13,740.07,744.78,708.85,743.0,22940244,505741,728.541134,TSLA
2021-09-14,742.84,754.47,736.4,744.49,18555216,391144,745.714189,TSLA
2021-09-15,745.0,756.86,738.36,755.83,15352682,351113,748.883832,TSLA
2021-09-16,752.83,758.91,747.61,756.99,13919203,289874,753.246768,TSLA
2021-09-17,756.95,761.04,750.0,759.49,28191962,382649,757.463463,TSLA
2021-09-20,734.13,742.0,718.6249,730.17,24838933,553246,729.818872,TSLA
2021-09-21,735.0,744.7399,730.44,739.38,16325386,314158,739.41859,TSLA
2021-09-22,743.43,753.6699,739.12,751.94,15088421,318119,747.914508,TSLA
2021-09-23,755.0,758.2,747.92,753.64,11922183,285583,753.391826,TSLA
2021-09-24,745.89,774.8,744.56,774.39,21462293,471088,763.25386,TSLA
2021-09-27,773.42,799.0,769.31,791.36,28034298,605245,786.951379,TSLA
2021-09-28,787.28,795.64,766.1801,777.56,25359698,535646,780.700487,TSLA
2021-09-29,779.8,793.5,770.68,781.31,20890904,416124,782.390721,TSLA
2021-09-30,780.0,789.1305,775.0,775.48,17867446,361432,782.120009,TSLA
2021-10-01,778.4,780.78,763.59,775.22,17023634,363954,772.146796,TSLA
2021-10-04,796.35,806.9699,776.12,781.53,30434636,639254,790.545734,TSLA
2021-10-05,783.75,797.31,774.2,780.59,18412658,401085,785.246078,TSLA
2021-10-06,776.26,786.66,773.22,782.75,14562520,330980,780.795807,TSLA
2021-10-07,784.9,805.0,783.38,793.61,19182495,412102,792.139721,TSLA
2021-10-08,796.38,796.38,780.91,785.49,16726161,401025,787.125812,TSLA
2021-10-11,787.94,801.24,785.5,791.94,14183219,345728,794.879367,TSLA
2021-10-12,800.63,812.32,796.57,805.72,21979621,498557,806.770233,TSLA
2021-10-13,809.91,815.41,805.78,811.08,14060887,346002,809.692057,TSLA
2021-10-14,815.42,820.25,813.3501,818.32,12229508,303839,817.395407,TSLA
2021-10-15,824.53,843.21,822.35,843.03,18877912,453420,833.23086,TSLA
2021-10-18,851.47,875.26,851.47,870.11,24136883,593621,865.07289,TSLA
2021-10-19,877.35,877.95,862.51,864.27,17359043,477569,869.692174,TSLA
2021-10-20,865.26,869.49,857.38,865.8,13975882,400821,864.2958,TSLA
2021-10-21,856.5,900.0,855.5046,894.0,31437542,736743,889.043193,TSLA
2021-10-22,894.8,910.0,890.96,909.68,22759031,573892,904.300177,TSLA
2021-10-25,951.5,1045.02,944.2,1024.86,62578262,1645646,990.389464,TSLA
2021-10-26,1024.17,1094.94,1001.44,1018.43,62336885,1715227,1043.846245,TSLA
2021-10-27,1038.18,1070.88,1030.78,1037.86,38291418,928659,1048.68983,TSLA
2021-10-28,1067.99,1081.0,1054.2,1077.04,27170458,664610,1070.142215,TSLA
2021-10-29,1082.19,1115.21,1073.205,1114.0,29864077,762144,1095.79563,TSLA
2021-11-01,1145.0,1209.75,1118.66,1208.59,56010147,1372234,1165.689666,TSLA
2021-11-02,1160.0,1208.59,1146.0,1172.0,42605888,1225977,1176.790962,TSLA
2021-11-03,1177.51,1215.39,1152.62,1213.86,34627274,880369,1185.131631,TSLA
2021-11-04,1234.86,1243.49,1217.0,1229.91,25397588,764999,1233.460993,TSLA
2021-11-05,1228.0,1239.87,1208.0,1222.09,21635366,608252,1227.28567,TSLA
2021-11-08,1149.22,1197.0,1133.0,1162.94,33445230,1095712,1174.573866,TSLA
2021-11-09,1173.22,1174.5,1011.52,1023.5,59429683,1825842,1067.562234,TSLA
2021-11-10,1010.03,1078.1,987.31,1067.95,42795718,1324584,1049.177658,TSLA
2021-11-11,1102.0,1104.97,1054.68,1063.51,22464822,686786,1072.83871,TSLA
2021-11-12,1048.0,1054.5,1019.2,1033.42,25570317,776455,1033.064002,TSLA
2021-11-15,1017.17,1031.98,978.6,1013.39,34769096,1250628,1000.271761,TSLA
2021-11-16,1004.0,1057.1999,1002.18,1054.73,26571514,715773,1041.966205,TSLA
2021-11-17,1063.51,1119.64,1055.5,1089.01,31441321,891661,1089.480259,TSLA
2021-11-18,1106.1,1112.0,1075.02,1096.38,20890532,617966,1095.256151,TSLA
2021-11-19,1100.0,1138.7199,1092.7,1137.06,21638108,589237,1117.566495,TSLA
2021-11-22,1161.94,1201.95,1132.43,1156.87,33070331,968824,1174.93384,TSLA
2021-11-23,1167.33,1180.4999,1062.7,1109.03,36154660,1031607,1114.212626,TSLA
2021-11-24,1082.0,1132.77,1062.0,1116.0,22496786,643214,1109.222612,TSLA
2021-11-26,1099.47,1108.7827,1081.0,1081.92,11674085,391680,1092.129253,TSLA
2021-11-29,1100.34,1142.67,1100.19,1136.99,19459334,612090,1129.626184,TSLA
2021-11-30,1144.48,1168.0,1118.0,1144.76,27058043,655634,1142.845938,TSLA
2021-12-01,1160.0,1172.8399,1090.76,1095.0,22912802,711065,1136.098535,TSLA
2021-12-02,1100.0,1113.0,1056.65,1084.6,24340702,727949,1084.561039,TSLA
2021-12-03,1085.0,1090.5753,1000.21,1014.97,30770129,1043144,1028.746291,TSLA
2021-12-06,1000.4,1021.64,950.5,1009.01,27193861,1012265,990.552584,TSLA
2021-12-07,1044.34,1057.6739,1026.81,1051.75,18684405,536369,1044.685956,TSLA
2021-12-08,1052.96,1072.38,1033.0001,1068.96,13962963,422043,1053.998551,TSLA
2021-12-09,1060.64,1062.49,1002.36,1003.8,19713995,627934,1026.901004,TSLA
2021-12-10,1008.75,1020.9797,982.53,1017.03,19878286,677355,1004.671768,TSLA
2021-12-13,1001.09,1005.0,951.42,966.41,26047124,1046906,970.57807,TSLA
2021-12-14,944.97,966.41,930.0,958.51,23619959,759104,946.184673,TSLA
2021-12-15,953.21,978.7499,928.2501,975.99,25039957,764088,953.219373,TSLA
2021-12-16,994.45,994.98,921.85,926.92,27592243,943036,947.421701,TSLA
2021-12-17,915.0,960.6599,909.0401,932.57,33638159,732330,936.534322,TSLA
2021-12-20,910.45,921.6884,893.39,899.94,18393483,682111,903.548645,TSLA
2021-12-21,916.9,939.5,886.12,938.53,23831800,714130,916.124699,TSLA
2021-12-22,965.64,1015.6599,957.05,1008.87,31207189,899893,993.8492,TSLA
2021-12-23,1005.27,1072.9767,997.56,1067.0,30899815,913799,1045.860172,TSLA
2021-12-27,1073.0,1117.0,1070.7152,1093.94,23714621,776438,1099.658863,TSLA
2021-12-28,1108.74,1118.9999,1078.42,1088.47,20104571,611741,1093.394008,TSLA
2021-12-29,1098.75,1104.0,1064.14,1086.19,18716238,538929,1084.736183,TSLA
2021-12-30,1060.38,1095.55,1053.15,1070.34,15679773,493912,1077.500873,TSLA
2021-12-31,1073.2,1081.9999,1054.59,1056.78,13581141,381242,1067.181286,TSLA
2022-01-03,1148.54,1201.07,1136.04,1199.78,34891136,1162663,1170.753565,TSLA
2022-01-04,1188.8,1208.0,1123.05,1149.59,33412832,1051348,1162.164931,TSLA
2022-01-05,1146.5,1170.34,1081.0101,1088.12,26748880,810846,1126.646002,TSLA
2022-01-06,1075.64,1088.0,1020.5,1064.7,30134340,880379,1060.305232,TSLA
2022-01-07,1079.14,1080.9299,1010.0,1026.96,28048130,823208,1039.256763,TSLA
2022-01-10,1000.0,1059.1,980.0,1058.12,30569421,970204,1017.299594,TSLA
2022-01-11,1053.9,1075.85,1038.82,1064.4,22021089,644111,1060.483522,TSLA
2022-01-12,1078.03,1114.84,1072.5901,1106.22,27903594,761281,1095.952253,TSLA
2022-01-13,1109.91,1115.6,1026.5391,1031.56,32653338,923599,1068.343489,TSLA
2022-01-14,1019.84,1052.0,1013.3788,1049.61,24298971,709972,1035.147281,TSLA
2022-01-18,1026.75,1070.7899,1016.06,1030.51,22317537,662348,1042.160362,TSLA
2022-01-19,1041.3,1054.6699,995.0,995.65,25129165,827617,1015.369728,TSLA
2022-01-20,1009.86,1041.66,994.0,996.27,23460122,711282,1018.912473,TSLA
2022-01-21,996.7,1004.55,940.5,943.9,34367740,1142235,963.81123,TSLA
2022-01-24,905.0,933.5131,851.47,930.0,50240815,1580269,887.445631,TSLA
2022-01-25,914.19,951.26,903.21,918.4,28844795,817931,921.830866,TSLA
2022-01-26,952.11,987.69,906.0,937.41,34532135,1086815,946.73384,TSLA
2022-01-27,933.56,935.39,829.0,829.1,48923227,1857318,867.13994,TSLA
2022-01-28,831.76,857.5,792.01,846.35,44898960,1443634,830.392858,TSLA
2022-01-31,872.82,937.99,862.05,936.72,34793399,1018293,913.362536,TSLA
2022-02-01,934.12,943.7,905.0,931.25,24355050,755053,927.181145,TSLA
2022-02-02,928.04,931.5,889.41,905.66,22250600,715859,909.282386,TSLA
2022-02-03,882.0,937.0,880.52,891.14,26254053,766207,909.306126,TSLA
2022-02-04,896.77,936.5,881.17,923.32,24515573,682196,914.55155,TSLA
2022-02-07,923.32,947.77,902.7089,907.34,20322878,640097,922.0562,TSLA
2022-02-08,906.19,926.2899,894.8,922.0,16888888,512323,914.811374,TSLA
2022-02-09,934.04,946.2699,920.0,932.0,17202339,498874,932.882236,TSLA
2022-02-10,907.5,943.81,896.7,904.55,21516725,670774,921.051446,TSLA
2022-02-11,909.47,915.96,850.7,860.0,25712692,917535,879.750695,TSLA
2022-02-14,861.82,898.8799,853.15,875.76,21891414,673081,875.414418,TSLA
2022-02-15,900.0,923.0,893.3774,922.43,18920950,584237,914.426088,TSLA
2022-02-16,914.05,926.4299,901.21,923.39,16774602,464344,914.213529,TSLA
2022-02-17,913.26,918.4999,874.1,876.35,18149070,629617,890.624487,TSLA
2022-02-18,886.0,886.87,837.61,856.98,22500272,736923,856.171354,TSLA
2022-02-22,833.57,856.7338,801.1001,821.53,27579130,905700,823.556685,TSLA
2022-02-23,830.43,835.2997,760.56,764.04,31448251,1227396,789.202418,TSLA
2022-02-24,700.39,802.48,700.0,800.77,44600581,1291607,755.168642,TSLA
2022-02-25,809.66,819.5,782.4005,809.87,24620202,726859,802.144572,TSLA
2022-02-28,815.72,876.86,814.7075,870.43,32122124,848292,855.749058,TSLA
2022-03-01,869.97,889.88,853.78,864.37,24157613,648573,867.666133,TSLA
2022-03-02,872.13,886.48,844.2721,879.89,24402912,672823,865.953218,TSLA
2022-03-03,878.32,886.439,832.6001,839.29,20038426,627576,855.20177,TSLA
2022-03-04,849.0,855.65,825.1609,838.29,21829241,581744,839.697721,TSLA
